"","ID","Ytag","Yrecap","n_recap","rel_status","tag_type"
"0533?","0533?",2009,NA,0,"P","PIT"
"9851120031124510","9851120031124510",2009,NA,0,"TR","PIT"
"985120030749550","985120030749550",2009,"2009",1,"TR","PIT"
"985120030755719","985120030755719",2009,"2009, 2009",2,"TR","PIT"
"985120030756066","985120030756066",2009,"2014, 2018",2,"TR","PIT"
"985120030756307","985120030756307",2009,"2009",1,"TR","PIT"
"985120030756897","985120030756897",2009,"2009",1,"TR","PIT"
"985120030757027","985120030757027",2009,"2009",1,"TR","PIT"
"985120030757603","985120030757603",2009,NA,0,"TR","PIT"
"985120030757898","985120030757898",2009,"2009, 2009",2,"TR","PIT"
"985120030758513","985120030758513",2009,"2009, 2020",2,"TR","PIT"
"985120030758723","985120030758723",2009,NA,0,"TR","PIT"
"985120030758865","985120030758865",2009,NA,0,"TR","PIT"
"985120030763016","985120030763016",2009,"2009, 2009",2,"TR","PIT"
"985120030763070","985120030763070",2009,"2017",1,"TR","PIT"
"985120030763660","985120030763660",2009,"2009",1,"TR","PIT"
"985120030764206","985120030764206",2009,NA,0,"TR","PIT"
"985120030764221","985120030764221",2009,"2009",1,"TR","PIT"
"985120030766413","985120030766413",2009,NA,0,"TR","PIT"
"985120030766429","985120030766429",2009,NA,0,"TR","PIT"
"985120030767061","985120030767061",2009,NA,0,"TR","PIT"
"985120030767547","985120030767547",2009,NA,0,"TR","PIT"
"985120030767784","985120030767784",2009,NA,0,"TR","PIT"
"985120030768711","985120030768711",2009,"2014",1,"TR","PIT"
"985120030770253","985120030770253",2009,NA,0,"P","PIT"
"985120030770387","985120030770387",2009,NA,0,"TR","PIT"
"985120030770667","985120030770667",2009,NA,0,"TR","PIT"
"985120030771305","985120030771305",2009,"2009",1,"TR","PIT"
"985120030771440","985120030771440",2009,NA,0,"TR","PIT"
"985120030773239","985120030773239",2009,NA,0,"TR","PIT"
"985120030773485","985120030773485",2009,"2009",1,"TR","PIT"
"985120030773490","985120030773490",2009,NA,0,"TR","PIT"
"985120030773871","985120030773871",2009,NA,0,"TR","PIT"
"985120030774692","985120030774692",2009,NA,0,"TR","PIT"
"985120030774895","985120030774895",2009,NA,0,"TR","PIT"
"985120030775176","985120030775176",2009,NA,0,"TR","PIT"
"985120030775278","985120030775278",2009,"2009, 2009, 2009",3,"TR","PIT"
"985120030775765","985120030775765",2009,NA,0,"TR","PIT"
"985120030775780","985120030775780",2009,NA,0,"TR","PIT"
"985120030776019","985120030776019",2009,"2009",1,"TR","PIT"
"985120030776706","985120030776706",2009,"2009, 2010",2,"TR","PIT"
"985120030776781","985120030776781",2009,"2009",1,"TR","PIT"
"985120030776846","985120030776846",2009,"2009",1,"TR","PIT"
"985120030778899","985120030778899",2009,NA,0,"TR","PIT"
"985120030779296","985120030779296",2009,"2009, 2020",2,"TR","PIT"
"985120030780159","985120030780159",2009,"2016",1,"TR","PIT"
"985120030780590","985120030780590",2009,"2009",1,"TR","PIT"
"985120030782338","985120030782338",2009,"2009",1,"TR","PIT"
"985120030783442","985120030783442",2009,NA,0,"TR","PIT"
"985120030783492","985120030783492",2009,NA,0,"TR","PIT"
"985120030784833","985120030784833",2009,NA,0,"TR","PIT"
"985120030786780","985120030786780",2009,NA,0,"TR","PIT"
"985120030789546","985120030789546",2009,"2009",1,"TR","PIT"
"985120031075852","985120031075852",2009,NA,0,"P","PIT"
"985120031076364","985120031076364",2009,NA,0,"TR","PIT"
"985120031082214","985120031082214",2009,"2009",1,"TR","PIT"
"985120031083882","985120031083882",2009,NA,0,"TR","PIT"
"985120031085010","985120031085010",2009,NA,0,"TR","PIT"
"9851200310866310","9851200310866310",2009,NA,0,"TR","PIT"
"985120031088409","985120031088409",2009,NA,0,"TR","PIT"
"985120031093042","985120031093042",2009,"2020",1,"TR","PIT"
"985120031093361","985120031093361",2009,"2010",1,"TR","PIT"
"985120031093918","985120031093918",2009,NA,0,"TR","PIT"
"985120031095979","985120031095979",2009,NA,0,"TR","PIT"
"985120031097453","985120031097453",2009,NA,0,"TR","PIT"
"985120031098715","985120031098715",2009,"2009",1,"TR","PIT"
"985120031100804","985120031100804",2009,"2011, 2019",2,"TR","PIT"
"985120031108043","985120031108043",2009,NA,0,"TR","PIT"
"985120031111838","985120031111838",2009,NA,0,"TR","PIT"
"985120031112108","985120031112108",2009,"2009, 2009, 2009, 2009",4,"TR","PIT"
"985120031112638","985120031112638",2009,NA,0,"TR","PIT"
"985120031112970","985120031112970",2009,"2009, 2009, 2009, 2009",4,"TR","PIT"
"985120031113619","985120031113619",2009,"2013, 2013",2,"TR","PIT"
"985120031115061","985120031115061",2009,"2015",1,"TR","PIT"
"985120031115235","985120031115235",2009,NA,0,"TR","PIT"
"985120031115568","985120031115568",2009,"2019",1,"TR","PIT"
"985120031115919","985120031115919",2009,NA,0,"TR","PIT"
"985120031115930","985120031115930",2009,NA,0,"TR","PIT"
"985120031117337","985120031117337",2009,NA,0,"TR","PIT"
"985120031117545","985120031117545",2009,"2009",1,"TR","PIT"
"985120031117839","985120031117839",2009,NA,0,"TR","PIT"
"985120031117980","985120031117980",2009,NA,0,"TR","PIT"
"985120031118905","985120031118905",2009,"2009, 2016, 2016, 2016, 2018",5,"TR","PIT"
"985120031119187","985120031119187",2009,NA,0,"TR","PIT"
"985120031119712","985120031119712",2009,NA,0,"TR","PIT"
"985120031120266","985120031120266",2009,NA,0,"TR","PIT"
"985120031131739","985120031131739",2009,"2009",1,"TR","PIT"
"985120031131859","985120031131859",2009,"2015, 2015",2,"TR","PIT"
"985120031132047","985120031132047",2009,NA,0,"TR","PIT"
"985120031133754","985120031133754",2009,NA,0,"TR","PIT"
"985120031143056","985120031143056",2009,NA,0,"TR","PIT"
"985120031144042","985120031144042",2009,"2009, 2009, 2009, 2009, 2009",5,"TR","PIT"
"98512003114665","98512003114665",2009,NA,0,"TR","PIT"
"985120031161872","985120031161872",2009,"2009, 2009",2,"TR","PIT"
"985120031161878","985120031161878",2009,NA,0,"TR","PIT"
"985120031164386","985120031164386",2009,NA,0,"TR","PIT"
"985120032791228","985120032791228",2009,NA,0,"TR","PIT"
"9851200381400710","9851200381400710",2009,"2012",1,"TR","PIT"
"A2174","A2174",2009,NA,0,"TR","Floy"
"B0130","B0130",2009,"2011",1,"P","Floy"
"B0160","B0160",2009,NA,0,"TR","Floy"
"B0163","B0163",2009,NA,0,"P","Floy"
"B0164","B0164",2009,NA,0,"P","Floy"
"B0176","B0176",2009,NA,0,"P","Floy"
"B0177","B0177",2009,NA,0,"TR","Floy"
"B0178","B0178",2009,NA,0,"P","Floy"
"B0179","B0179",2009,NA,0,"P","Floy"
"B0180","B0180",2009,NA,0,"TR","Floy"
"B0181","B0181",2009,NA,0,"P","Floy"
"B0182","B0182",2009,NA,0,"P","Floy"
"B0183","B0183",2009,NA,0,"P","Floy"
"B0184","B0184",2009,"2009, 2009",2,"TR","Floy"
"B0185","B0185",2009,"2014",1,"TR","Floy"
"B0186","B0186",2009,NA,0,"TR","Floy"
"B0187","B0187",2009,NA,0,"TR","Floy"
"B0190","B0190",2009,NA,0,"TR","Floy"
"B0191","B0191",2009,NA,0,"P","Floy"
"B0192","B0192",2009,NA,0,"TR","Floy"
"B0193","B0193",2009,NA,0,"TR","Floy"
"B0194","B0194",2009,NA,0,"P","Floy"
"B0195","B0195",2009,NA,0,"P","Floy"
"B0196","B0196",2009,NA,0,"P","Floy"
"B0197","B0197",2009,NA,0,"TR","Floy"
"B0198","B0198",2009,NA,0,"TR","Floy"
"B0199","B0199",2009,"2014",1,"TR","Floy"
"B0200","B0200",2009,NA,0,"TR","Floy"
"B0201","B0201",2009,"2010, 2013",2,"TR","Floy"
"B0202","B0202",2009,"2009, 2010, 2014",3,"TR","Floy"
"B0203","B0203",2009,NA,0,"P","Floy"
"B0204","B0204",2009,"2010, 2010",2,"TR","Floy"
"B0205","B0205",2009,"2009",1,"TR","Floy"
"B0206","B0206",2009,"2010",1,"P","Floy"
"B0207","B0207",2009,"2010, 2010",2,"TR","Floy"
"B0208","B0208",2009,NA,0,"TR","Floy"
"B0209","B0209",2009,"2010",1,"TR","Floy"
"B0210","B0210",2009,"2010",1,"P","Floy"
"B0211","B0211",2009,"2010",1,"TR","Floy"
"B0212","B0212",2009,"2010",1,"P","Floy"
"B0213","B0213",2009,"2010",1,"TR","Floy"
"B0214","B0214",2009,"2010",1,"TR","Floy"
"B0215","B0215",2009,NA,0,"P","Floy"
"B0216","B0216",2009,"2010",1,"TR","Floy"
"B0217","B0217",2009,"2010",1,"TR","Floy"
"B0218","B0218",2009,"2010",1,"P","Floy"
"B0219","B0219",2009,"2010",1,"TR","Floy"
"B0220","B0220",2009,NA,0,"TR","Floy"
"B0222","B0222",2009,"2010, 2010, 2013, 2013",4,"TR","Floy"
"B0223","B0223",2009,NA,0,"TR","Floy"
"B0224","B0224",2009,NA,0,"TR","Floy"
"B0225","B0225",2009,"2019",1,"TR","Floy"
"B0226","B0226",2009,"2010",1,"RR","Floy"
"B0227","B0227",2009,NA,0,"P","Floy"
"B0230","B0230",2009,"2010, 2010",2,"P","Floy"
"B0234","B0234",2009,"2011",1,"TR","Floy"
"B0235","B0235",2009,NA,0,"RR","Floy"
"B0236","B0236",2009,NA,0,"P","Floy"
"B0237","B0237",2009,"2010",1,"P","Floy"
"B0238","B0238",2009,"2009",1,"TR","Floy"
"B0239","B0239",2009,NA,0,"P","Floy"
"B0240","B0240",2009,NA,0,"RR","Floy"
"B0241","B0241",2009,"2010",1,"P","Floy"
"B0243","B0243",2009,"2010",1,"P","Floy"
"B0245","B0245",2009,"2010",1,"P","Floy"
"B0246","B0246",2009,"2010",1,"P","Floy"
"B0251","B0251",2009,"2010, 2012",2,"P","Floy"
"B0252","B0252",2009,NA,0,"TR","Floy"
"B0253","B0253",2009,NA,0,"P","Floy"
"B0254","B0254",2009,NA,0,"P","Floy"
"B0255","B0255",2009,NA,0,"P","Floy"
"B0258","B0258",2009,"2010",1,"P","Floy"
"B0260","B0260",2009,"2010, 2012",2,"P","Floy"
"B0262","B0262",2009,"2009, 2009, 2010, 2015",4,"TR","Floy"
"B0266","B0266",2009,"2010",1,"TR","Floy"
"B0271","B0271",2009,"2010",1,"P","Floy"
"B0272","B0272",2009,"2010",1,"P","Floy"
"B0276","B0276",2009,NA,0,"P","Floy"
"B0277","B0277",2009,NA,0,"P","Floy"
"B0278","B0278",2009,"2009",1,"P","Floy"
"B0279","B0279",2009,NA,0,"P","Floy"
"B0280","B0280",2009,"2009",1,"P","Floy"
"B0283","B0283",2009,NA,0,"TR","Floy"
"B0284","B0284",2009,NA,0,"P","Floy"
"B0285","B0285",2009,NA,0,"P","Floy"
"B0286","B0286",2009,NA,0,"P","Floy"
"B0287","B0287",2009,NA,0,"P","Floy"
"B0290","B0290",2009,NA,0,"P","Floy"
"B0298","B0298",2009,NA,0,"TR","Floy"
"B0300","B0300",2009,NA,0,"TR","Floy"
"B0301","B0301",2009,"2009",1,"TR","Floy"
"B0501","B0501",2009,NA,0,"P","Floy"
"B0502","B0502",2009,NA,0,"P","Floy"
"B0503","B0503",2009,NA,0,"TR","Floy"
"B0504","B0504",2009,NA,0,"P","Floy"
"B0505","B0505",2009,NA,0,"P","Floy"
"B0506","B0506",2009,NA,0,"P","Floy"
"B0507","B0507",2009,NA,0,"P","Floy"
"B0508","B0508",2009,NA,0,"TR","Floy"
"B0509","B0509",2009,NA,0,"TR","Floy"
"B0510","B0510",2009,NA,0,"TR","Floy"
"B0511","B0511",2009,"2011, 2017",2,"TR","Floy"
"B0512","B0512",2009,NA,0,"TR","Floy"
"B0513","B0513",2009,NA,0,"P","Floy"
"B0514","B0514",2009,NA,0,"TR","Floy"
"B0515","B0515",2009,"2009",1,"TR","Floy"
"B0516","B0516",2009,NA,0,"TR","Floy"
"B0517","B0517",2009,NA,0,"TR","Floy"
"B0518","B0518",2009,"2009",1,"TR","Floy"
"B0519","B0519",2009,NA,0,"TR","Floy"
"B0521","B0521",2009,NA,0,"TR","Floy"
"B0522","B0522",2009,NA,0,"TR","Floy"
"B0524","B0524",2009,NA,0,"TR","Floy"
"B0526","B0526",2009,NA,0,"TR","Floy"
"B0528","B0528",2009,NA,0,"TR","Floy"
"B0529","B0529",2009,NA,0,"TR","Floy"
"B0530","B0530",2009,NA,0,"TR","Floy"
"B0531","B0531",2009,NA,0,"TR","Floy"
"B0535","B0535",2009,NA,0,"TR","Floy"
"B0536","B0536",2009,NA,0,"TR","Floy"
"B0537","B0537",2009,NA,0,"TR","Floy"
"B0538","B0538",2009,NA,0,"TR","Floy"
"B0542","B0542",2009,NA,0,"TR","Floy"
"B0543","B0543",2009,NA,0,"TR","Floy"
"B0544","B0544",2009,NA,0,"TR","Floy"
"B0545","B0545",2009,"2011",1,"TR","Floy"
"B0546","B0546",2009,NA,0,"TR","Floy"
"B0547","B0547",2009,"2009",1,"TR","Floy"
"B0548","B0548",2009,NA,0,"TR","Floy"
"B0549","B0549",2009,NA,0,"TR","Floy"
"B0551","B0551",2009,NA,0,"TR","Floy"
"B0552","B0552",2009,NA,0,"P","Floy"
"B0553","B0553",2009,NA,0,"P","Floy"
"B0554","B0554",2009,NA,0,"P","Floy"
"B0555","B0555",2009,NA,0,"P","Floy"
"B0557","B0557",2009,NA,0,"TR","Floy"
"B0558","B0558",2009,"2009",1,"TR","Floy"
"B0559","B0559",2009,NA,0,"TR","Floy"
"B0560","B0560",2009,NA,0,"TR","Floy"
"B0561","B0561",2009,NA,0,"TR","Floy"
"B0562","B0562",2009,NA,0,"TR","Floy"
"B0563","B0563",2009,NA,0,"TR","Floy"
"B0564","B0564",2009,NA,0,"P","Floy"
"B0565","B0565",2009,NA,0,"TR","Floy"
"B0566","B0566",2009,NA,0,"P","Floy"
"B0567","B0567",2009,NA,0,"TR","Floy"
"B0568","B0568",2009,NA,0,"TR","Floy"
"B0570","B0570",2009,NA,0,"TR","Floy"
"B0571","B0571",2009,NA,0,"P","Floy"
"B0572","B0572",2009,NA,0,"P","Floy"
"B0573","B0573",2009,NA,0,"P","Floy"
"B0575","B0575",2009,NA,0,"P","Floy"
"B0576","B0576",2009,NA,0,"P","Floy"
"B0577","B0577",2009,NA,0,"P","Floy"
"B0578","B0578",2009,NA,0,"P","Floy"
"B0584","B0584",2009,NA,0,"P","Floy"
"B0585","B0585",2009,NA,0,"P","Floy"
"B0588","B0588",2009,NA,0,"P","Floy"
"B0589","B0589",2009,NA,0,"P","Floy"
"B0590","B0590",2009,"2009",1,"TR","Floy"
"B0591","B0591",2009,NA,0,"P","Floy"
"B0592","B0592",2009,NA,0,"P","Floy"
"B0593","B0593",2009,NA,0,"TR","Floy"
"B0594","B0594",2009,NA,0,"P","Floy"
"B0597","B0597",2009,NA,0,"P","Floy"
"B0599","B0599",2009,NA,0,"P","Floy"
"B0600","B0600",2009,NA,0,"P","Floy"
"B0602","B0602",2009,"2009",1,"P","Floy"
"B0605","B0605",2009,NA,0,"P","Floy"
"B0607","B0607",2009,NA,0,"TR","Floy"
"B0608","B0608",2009,NA,0,"TR","Floy"
"B0609","B0609",2009,NA,0,"P","Floy"
"B0610","B0610",2009,NA,0,"P","Floy"
"B0611","B0611",2009,NA,0,"TR","Floy"
"B0613","B0613",2009,NA,0,"P","Floy"
"B0614","B0614",2009,NA,0,"P","Floy"
"B0615","B0615",2009,NA,0,"P","Floy"
"B0616","B0616",2009,NA,0,"P","Floy"
"B0618","B0618",2009,NA,0,"TR","Floy"
"B0619","B0619",2009,NA,0,"P","Floy"
"B0620","B0620",2009,NA,0,"TR","Floy"
"B0621","B0621",2009,"2009",1,"TR","Floy"
"B0622","B0622",2009,"2018",1,"TR","Floy"
"B0623","B0623",2009,NA,0,"TR","Floy"
"B0624","B0624",2009,NA,0,"P","Floy"
"B0625","B0625",2009,NA,0,"P","Floy"
"B0626","B0626",2009,NA,0,"TR","Floy"
"B0627","B0627",2009,NA,0,"TR","Floy"
"B0631","B0631",2009,NA,0,"P","Floy"
"B0632","B0632",2009,NA,0,"P","Floy"
"B0633","B0633",2009,"2009",1,"TR","Floy"
"B0634","B0634",2009,NA,0,"TR","Floy"
"B0635","B0635",2009,NA,0,"P","Floy"
"B0636","B0636",2009,NA,0,"TR","Floy"
"B0637","B0637",2009,NA,0,"TR","Floy"
"B0639","B0639",2009,NA,0,"P","Floy"
"B0640","B0640",2009,NA,0,"P","Floy"
"B0644","B0644",2009,NA,0,"P","Floy"
"B0646","B0646",2009,NA,0,"TR","Floy"
"B0647","B0647",2009,NA,0,"P","Floy"
"B0648","B0648",2009,NA,0,"P","Floy"
"B0649","B0649",2009,NA,0,"P","Floy"
"B0656","B0656",2009,NA,0,"P","Floy"
"B0657","B0657",2009,NA,0,"P","Floy"
"B0658","B0658",2009,NA,0,"P","Floy"
"B0673","B0673",2009,NA,0,"TR","Floy"
"B0674","B0674",2009,"2009",1,"TR","Floy"
"B0675","B0675",2009,NA,0,"P","Floy"
"B0676","B0676",2009,"2012",1,"TR","Floy"
"B0677","B0677",2009,NA,0,"P","Floy"
"B0678","B0678",2009,NA,0,"P","Floy"
"B0679","B0679",2009,NA,0,"TR","Floy"
"B0680","B0680",2009,NA,0,"TR","Floy"
"B0681","B0681",2009,NA,0,"P","Floy"
"B0682","B0682",2009,NA,0,"P","Floy"
"B0683","B0683",2009,NA,0,"P","Floy"
"B0684","B0684",2009,"2010",1,"TR","Floy"
"B0685","B0685",2009,NA,0,"P","Floy"
"B0686","B0686",2009,NA,0,"P","Floy"
"B0687","B0687",2009,NA,0,"P","Floy"
"B0688","B0688",2009,NA,0,"TR","Floy"
"B0689","B0689",2009,NA,0,"TR","Floy"
"B0690","B0690",2009,NA,0,"P","Floy"
"B0691","B0691",2009,NA,0,"P","Floy"
"B0692","B0692",2009,NA,0,"P","Floy"
"B0693","B0693",2009,NA,0,"P","Floy"
"B0694","B0694",2009,NA,0,"P","Floy"
"B0695","B0695",2009,NA,0,"P","Floy"
"B0696","B0696",2009,NA,0,"P","Floy"
"B0699","B0699",2009,NA,0,"P","Floy"
"B0700","B0700",2009,NA,0,"TR","Floy"
"B0701","B0701",2009,NA,0,"TR","Floy"
"B0702","B0702",2009,NA,0,"TR","Floy"
"B0703","B0703",2009,"2011, 2013",2,"TR","Floy"
"B0704","B0704",2009,NA,0,"P","Floy"
"B0705","B0705",2009,"2017",1,"TR","Floy"
"B0706","B0706",2009,NA,0,"P","Floy"
"B0707","B0707",2009,NA,0,"P","Floy"
"B0708","B0708",2009,NA,0,"TR","Floy"
"B0709","B0709",2009,NA,0,"P","Floy"
"B0710","B0710",2009,NA,0,"TR","Floy"
"B0711","B0711",2009,"2009, 2009",2,"TR","Floy"
"B0712","B0712",2009,NA,0,"TR","Floy"
"B0713","B0713",2009,NA,0,"P","Floy"
"B0714","B0714",2009,NA,0,"TR","Floy"
"B0715","B0715",2009,NA,0,"TR","Floy"
"B0716","B0716",2009,NA,0,"TR","Floy"
"B0717","B0717",2009,NA,0,"TR","Floy"
"B0718","B0718",2009,NA,0,"P","Floy"
"B0719","B0719",2009,NA,0,"TR","Floy"
"B0720","B0720",2009,"2009",1,"TR","Floy"
"B0721","B0721",2009,NA,0,"P","Floy"
"B0722","B0722",2009,NA,0,"TR","Floy"
"B0723","B0723",2009,NA,0,"TR","Floy"
"B0724","B0724",2009,NA,0,"TR","Floy"
"B0725","B0725",2009,NA,0,"TR","Floy"
"B0740","B0740",2009,NA,0,"TR","Floy"
"B0741","B0741",2009,NA,0,"TR","Floy"
"B0742","B0742",2009,NA,0,"TR","Floy"
"B0743","B0743",2009,NA,0,"TR","Floy"
"B0750","B0750",2009,NA,0,"TR","Floy"
"B0851","B0851",2009,"2009",1,"TR","Floy"
"B0852","B0852",2009,NA,0,"TR","Floy"
"B0854","B0854",2009,NA,0,"P","Floy"
"B0855","B0855",2009,NA,0,"P","Floy"
"B0857","B0857",2009,NA,0,"RM","Floy"
"B0861","B0861",2009,NA,0,"P","Floy"
"B0862","B0862",2009,NA,0,"P","Floy"
"B0864","B0864",2009,NA,0,"P","Floy"
"B0865","B0865",2009,NA,0,"TR","Floy"
"B0866","B0866",2009,"2015",1,"TR","Floy"
"B0867","B0867",2009,NA,0,"TR","Floy"
"B0870","B0870",2009,NA,0,"P","Floy"
"B0872","B0872",2009,NA,0,"P","Floy"
"B0873","B0873",2009,NA,0,"P","Floy"
"B0877","B0877",2009,NA,0,"P","Floy"
"B0878","B0878",2009,NA,0,"P","Floy"
"B0879","B0879",2009,NA,0,"P","Floy"
"B0882","B0882",2009,NA,0,"RR","Floy"
"B0885","B0885",2009,NA,0,"P","Floy"
"B0886","B0886",2009,NA,0,"P","Floy"
"B0887","B0887",2009,NA,0,"P","Floy"
"B0889","B0889",2009,NA,0,"P","Floy"
"B0891","B0891",2009,NA,0,"P","Floy"
"B0893","B0893",2009,NA,0,"P","Floy"
"B0894","B0894",2009,NA,0,"P","Floy"
"B0898","B0898",2009,"2009",1,"TR","Floy"
"B1127","B1127",2009,NA,0,"P","Floy"
"B1128","B1128",2009,NA,0,"TR","Floy"
"B1129","B1129",2009,NA,0,"P","Floy"
"B1131","B1131",2009,NA,0,"P","Floy"
"B1133","B1133",2009,NA,0,"P","Floy"
"B1135","B1135",2009,NA,0,"P","Floy"
"B1136","B1136",2009,NA,0,"P","Floy"
"B1137","B1137",2009,NA,0,"P","Floy"
"B1138","B1138",2009,NA,0,"TR","Floy"
"B1140","B1140",2009,NA,0,"P","Floy"
"B1141","B1141",2009,NA,0,"P","Floy"
"B1142","B1142",2009,NA,0,"P","Floy"
"B1143","B1143",2009,NA,0,"P","Floy"
"M0004","M0004",2009,NA,0,"TR","Floy"
"Y2279","Y2279",2009,NA,0,"TR","Floy"
"Y2280","Y2280",2009,NA,0,"TR","Floy"
"Y2282","Y2282",2009,NA,0,"TR","Floy"
"Y2283","Y2283",2009,NA,0,"P","Floy"
"Y2284","Y2284",2009,NA,0,"P","Floy"
"Y2285","Y2285",2009,NA,0,"P","Floy"
"Y2287","Y2287",2009,NA,0,"TR","Floy"
"Y2288","Y2288",2009,NA,0,"TR","Floy"
"Y2289","Y2289",2009,NA,0,"TR","Floy"
"Y2290","Y2290",2009,NA,0,"TR","Floy"
"Y2291","Y2291",2009,NA,0,"TR","Floy"
"Y2293","Y2293",2009,NA,0,"TR","Floy"
"Y2294","Y2294",2009,NA,0,"TR","Floy"
"Y2295","Y2295",2009,NA,0,"P","Floy"
"Y2296","Y2296",2009,NA,0,"TR","Floy"
"Y2297","Y2297",2009,NA,0,"TR","Floy"
"Y2298","Y2298",2009,NA,0,"P","Floy"
"Y2299","Y2299",2009,NA,0,"TR","Floy"
"Y2300","Y2300",2009,"2009",1,"TR","Floy"
"A2060","A2060",2010,NA,0,"TR","Floy"
"B0221","B0221",2010,NA,0,"TR","Floy"
"B0228","B0228",2010,NA,0,"P","Floy"
"B0229","B0229",2010,NA,0,"TR","Floy"
"B0231","B0231",2010,"2011",1,"TR","Floy"
"B0244","B0244",2010,NA,0,"TR","Floy"
"B0247","B0247",2010,NA,0,"P","Floy"
"B0248","B0248",2010,NA,0,"TR","Floy"
"B0249","B0249",2010,NA,0,"TR","Floy"
"B0250","B0250",2010,NA,0,"TR","Floy"
"B0256","B0256",2010,"2010",1,"TR","Floy"
"B0257","B0257",2010,NA,0,"P","Floy"
"B0259","B0259",2010,NA,0,"TR","Floy"
"B0261","B0261",2010,"2018",1,"TR","Floy"
"B0263","B0263",2010,NA,0,"P","Floy"
"B0264","B0264",2010,NA,0,"TR","Floy"
"B0265","B0265",2010,"2012",1,"TR","Floy"
"B0267","B0267",2010,NA,0,"TR","Floy"
"B0268","B0268",2010,"2010, 2010",2,"TR","Floy"
"B0269","B0269",2010,"2010",1,"TR","Floy"
"B0270","B0270",2010,NA,0,"P","Floy"
"B0273","B0273",2010,NA,0,"TR","Floy"
"B0274","B0274",2010,"2013",1,"TR","Floy"
"B0275","B0275",2010,NA,0,"TR","Floy"
"B0281","B0281",2010,"2010",1,"TR","Floy"
"B0282","B0282",2010,NA,0,"TR","Floy"
"B0306","B0306",2010,NA,0,"TR","Floy"
"B0307","B0307",2010,NA,0,"TR","Floy"
"B0308","B0308",2010,"2010",1,"TR","Floy"
"B0309","B0309",2010,"2014",1,"TR","Floy"
"B0310","B0310",2010,NA,0,"TR","Floy"
"B0311","B0311",2010,NA,0,"TR","Floy"
"B0312","B0312",2010,NA,0,"TR","Floy"
"B0313","B0313",2010,NA,0,"TR","Floy"
"B0314","B0314",2010,NA,0,"TR","Floy"
"B0315","B0315",2010,NA,0,"TR","Floy"
"B0317","B0317",2010,"2012",1,"TR","Floy"
"B0318","B0318",2010,NA,0,"TR","Floy"
"B0319","B0319",2010,NA,0,"TR","Floy"
"B0321","B0321",2010,NA,0,"P","Floy"
"B0322","B0322",2010,NA,0,"P","Floy"
"B0323","B0323",2010,NA,0,"TR","Floy"
"B0324","B0324",2010,NA,0,"TR","Floy"
"B0325","B0325",2010,NA,0,"P","Floy"
"B0330","B0330",2010,NA,0,"TR","Floy"
"B0331","B0331",2010,"2010",1,"TR","Floy"
"B0332","B0332",2010,"2010, 2010",2,"TR","Floy"
"B0333","B0333",2010,NA,0,"TR","Floy"
"B0334","B0334",2010,"2010",1,"TR","Floy"
"B0335","B0335",2010,"2010, 2010, 2015",3,"TR","Floy"
"B0336","B0336",2010,NA,0,"TR","Floy"
"B0337","B0337",2010,"2010, 2010, 2010",3,"TR","Floy"
"B0338","B0338",2010,NA,0,"TR","Floy"
"B0339","B0339",2010,NA,0,"TR","Floy"
"B0340","B0340",2010,NA,0,"TR","Floy"
"B0341","B0341",2010,NA,0,"TR","Floy"
"B0342","B0342",2010,NA,0,"TR","Floy"
"B0343","B0343",2010,NA,0,"TR","Floy"
"B0344","B0344",2010,NA,0,"TR","Floy"
"B0345","B0345",2010,NA,0,"TR","Floy"
"B0346","B0346",2010,"2010",1,"TR","Floy"
"B0347","B0347",2010,NA,0,"TR","Floy"
"B0348","B0348",2010,NA,0,"TR","Floy"
"B0349","B0349",2010,NA,0,"TR","Floy"
"B0350","B0350",2010,NA,0,"TR","Floy"
"B0351","B0351",2010,NA,0,"TR","Floy"
"B0352","B0352",2010,NA,0,"TR","Floy"
"B0353","B0353",2010,"2010",1,"TR","Floy"
"B0354","B0354",2010,NA,0,"H","Floy"
"B0355","B0355",2010,NA,0,"P","Floy"
"B0356","B0356",2010,"2010, 2010",2,"TR","Floy"
"B0357","B0357",2010,"2018",1,"TR","Floy"
"B0358","B0358",2010,"2018",1,"TR","Floy"
"B0359","B0359",2010,"2010",1,"TR","Floy"
"B0360","B0360",2010,NA,0,"TR","Floy"
"B0361","B0361",2010,NA,0,"P","Floy"
"B0362","B0362",2010,NA,0,"P","Floy"
"B0364","B0364",2010,NA,0,"TR","Floy"
"B0365","B0365",2010,NA,0,"P","Floy"
"B0366","B0366",2010,NA,0,"TR","Floy"
"B0368","B0368",2010,NA,0,"P","Floy"
"B0369","B0369",2010,"2010",1,"TR","Floy"
"B0370","B0370",2010,NA,0,"TR","Floy"
"B0371","B0371",2010,"2010",1,"TR","Floy"
"B0372","B0372",2010,NA,0,"TR","Floy"
"B0373","B0373",2010,NA,0,"TR","Floy"
"B0374","B0374",2010,NA,0,"TR","Floy"
"B0375","B0375",2010,NA,0,"TR","Floy"
"B0376","B0376",2010,NA,0,"TR","Floy"
"B0377","B0377",2010,NA,0,"TR","Floy"
"B0378","B0378",2010,NA,0,"H","Floy"
"B0379","B0379",2010,NA,0,"TR","Floy"
"B0380","B0380",2010,"2010",1,"TR","Floy"
"B0381","B0381",2010,NA,0,"TR","Floy"
"B0382","B0382",2010,NA,0,"P","Floy"
"B0383","B0383",2010,NA,0,"TR","Floy"
"B0384","B0384",2010,NA,0,"P","Floy"
"B0385","B0385",2010,NA,0,"P","Floy"
"B0386","B0386",2010,NA,0,"TR","Floy"
"B0387","B0387",2010,NA,0,"H","Floy"
"B0399","B0399",2010,"2014",1,"TR","Floy"
"B0400","B0400",2010,NA,0,"P","Floy"
"B0752","B0752",2010,"2010, 2010",2,"TR","Floy"
"B0753","B0753",2010,NA,0,"TR","Floy"
"B0755","B0755",2010,NA,0,"TR","Floy"
"B0756","B0756",2010,NA,0,"TR","Floy"
"B0757","B0757",2010,"2010, 2010, 2010",3,"TR","Floy"
"B0758","B0758",2010,NA,0,"P","Floy"
"B0759","B0759",2010,NA,0,"P","Floy"
"B0760","B0760",2010,NA,0,"TR","Floy"
"B0763","B0763",2010,NA,0,"P","Floy"
"B0764","B0764",2010,NA,0,"H","Floy"
"B0765","B0765",2010,NA,0,"H","Floy"
"B0766","B0766",2010,NA,0,"P","Floy"
"B0767","B0767",2010,NA,0,"TR","Floy"
"B0768","B0768",2010,NA,0,"P","Floy"
"B0770","B0770",2010,NA,0,"P","Floy"
"B0771","B0771",2010,NA,0,"TR","Floy"
"B0772","B0772",2010,NA,0,"H","Floy"
"B0773","B0773",2010,"2010, 2010",2,"TR","Floy"
"B0774","B0774",2010,"2014",1,"TR","Floy"
"B0776","B0776",2010,NA,0,"P","Floy"
"B0778","B0778",2010,NA,0,"TR","Floy"
"B0779","B0779",2010,NA,0,"P","Floy"
"B0780","B0780",2010,NA,0,"P","Floy"
"B0783","B0783",2010,NA,0,"TR","Floy"
"B0786","B0786",2010,NA,0,"P","Floy"
"B0787","B0787",2010,"2010",1,"TR","Floy"
"B0789","B0789",2010,NA,0,"TR","Floy"
"B0790","B0790",2010,NA,0,"P","Floy"
"B0792","B0792",2010,"2010",1,"TR","Floy"
"B0793","B0793",2010,NA,0,"TR","Floy"
"B0794","B0794",2010,NA,0,"TR","Floy"
"B0795","B0795",2010,NA,0,"P","Floy"
"B0796","B0796",2010,NA,0,"P","Floy"
"B0797","B0797",2010,NA,0,"TR","Floy"
"B0798","B0798",2010,"2010",1,"TR","Floy"
"B0799","B0799",2010,"2010",1,"TR","Floy"
"B0800","B0800",2010,NA,0,"TR","Floy"
"B0801","B0801",2010,NA,0,"TR","Floy"
"B0802","B0802",2010,NA,0,"TR","Floy"
"B0804","B0804",2010,NA,0,"TR","Floy"
"B0805","B0805",2010,NA,0,"TR","Floy"
"B0806","B0806",2010,NA,0,"TR","Floy"
"B0807","B0807",2010,"2010",1,"TR","Floy"
"B0808","B0808",2010,NA,0,"P","Floy"
"B0809","B0809",2010,NA,0,"TR","Floy"
"B0810","B0810",2010,NA,0,"TR","Floy"
"B0811","B0811",2010,NA,0,"P","Floy"
"B0812","B0812",2010,"2010, 2010",2,"TR","Floy"
"B0813","B0813",2010,NA,0,"TR","Floy"
"B0814","B0814",2010,NA,0,"TR","Floy"
"B0815","B0815",2010,"2010, 2015",2,"TR","Floy"
"B0816","B0816",2010,NA,0,"TR","Floy"
"B0817","B0817",2010,NA,0,"P","Floy"
"B0818","B0818",2010,NA,0,"TR","Floy"
"B0819","B0819",2010,NA,0,"P","Floy"
"B0820","B0820",2010,"2010",1,"TR","Floy"
"B0822","B0822",2010,NA,0,"TR","Floy"
"B0823","B0823",2010,"2015",1,"TR","Floy"
"B0824","B0824",2010,"2010",1,"TR","Floy"
"B0825","B0825",2010,"2010",1,"TR","Floy"
"B0826","B0826",2010,"2017",1,"TR","Floy"
"B0827","B0827",2010,NA,0,"TR","Floy"
"B0830","B0830",2010,NA,0,"TR","Floy"
"B0831","B0831",2010,NA,0,"P","Floy"
"B0835","B0835",2010,NA,0,"P","Floy"
"B0836","B0836",2010,NA,0,"TR","Floy"
"B0837","B0837",2010,"2010",1,"P","Floy"
"B0838","B0838",2010,NA,0,"TR","Floy"
"B0839","B0839",2010,NA,0,"TR","Floy"
"B0841","B0841",2010,NA,0,"TR","Floy"
"B0844","B0844",2010,"2010, 2014",2,"TR","Floy"
"B0845","B0845",2010,NA,0,"P","Floy"
"B0846","B0846",2010,NA,0,"TR","Floy"
"B0847","B0847",2010,"2019",1,"TR","Floy"
"B0848","B0848",2010,NA,0,"P","Floy"
"B0849","B0849",2010,"2011",1,"TR","Floy"
"B0850","B0850",2010,NA,0,"DEAD","Floy"
"B0902","B0902",2010,NA,0,"TR","Floy"
"B0903","B0903",2010,NA,0,"TR","Floy"
"B0904","B0904",2010,NA,0,"P","Floy"
"B0905","B0905",2010,"2010",1,"TR","Floy"
"B0906","B0906",2010,NA,0,"TR","Floy"
"B0907","B0907",2010,NA,0,"TR","Floy"
"B0908","B0908",2010,"2010",1,"TR","Floy"
"B0909","B0909",2010,NA,0,"P","Floy"
"B0911","B0911",2010,NA,0,"TR","Floy"
"B0912","B0912",2010,NA,0,"P","Floy"
"B0913","B0913",2010,NA,0,"DEAD","Floy"
"B0914","B0914",2010,"2010, 2010",2,"TR","Floy"
"B0915","B0915",2010,NA,0,"TR","Floy"
"B0916","B0916",2010,NA,0,"TR","Floy"
"B0917","B0917",2010,NA,0,"TR","Floy"
"B0918","B0918",2010,NA,0,"P","Floy"
"B0920","B0920",2010,NA,0,"P","Floy"
"B0921","B0921",2010,NA,0,"TR","Floy"
"B0922","B0922",2010,"2010, 2010",2,"TR","Floy"
"B0923","B0923",2010,NA,0,"TR","Floy"
"B0924","B0924",2010,NA,0,"TR","Floy"
"B0926","B0926",2010,"2010",1,"TR","Floy"
"B0927","B0927",2010,"2010, 2010",2,"TR","Floy"
"B0928","B0928",2010,NA,0,"TR","Floy"
"B0929","B0929",2010,NA,0,"TR","Floy"
"B0930","B0930",2010,NA,0,"TR","Floy"
"B0931","B0931",2010,NA,0,"TR","Floy"
"B0932","B0932",2010,NA,0,"TR","Floy"
"B0933","B0933",2010,NA,0,"TR","Floy"
"B0934","B0934",2010,"2011",1,"TR","Floy"
"B0935","B0935",2010,NA,0,"TR","Floy"
"B0936","B0936",2010,NA,0,"TR","Floy"
"B0938","B0938",2010,NA,0,"TR","Floy"
"B0939","B0939",2010,"2014",1,"TR","Floy"
"B0940","B0940",2010,NA,0,"TR","Floy"
"B0941","B0941",2010,NA,0,"TR","Floy"
"B0942","B0942",2010,NA,0,"TR","Floy"
"B0943","B0943",2010,NA,0,"P","Floy"
"B0944","B0944",2010,NA,0,"P","Floy"
"B0945","B0945",2010,NA,0,"TR","Floy"
"B0946","B0946",2010,NA,0,"TR","Floy"
"B0947","B0947",2010,NA,0,"TR","Floy"
"B0948","B0948",2010,NA,0,"TR","Floy"
"B0949","B0949",2010,NA,0,"TR","Floy"
"B0950","B0950",2010,NA,0,"TR","Floy"
"B0955","B0955",2010,NA,0,"TR","Floy"
"B0956","B0956",2010,NA,0,"TR","Floy"
"B0957","B0957",2010,NA,0,"TR","Floy"
"B0958","B0958",2010,NA,0,"P","Floy"
"B0959","B0959",2010,"2010",1,"TR","Floy"
"B0960","B0960",2010,NA,0,"P","Floy"
"B0961","B0961",2010,NA,0,"TR","Floy"
"B0962","B0962",2010,NA,0,"TR","Floy"
"B0963","B0963",2010,NA,0,"TR","Floy"
"B0964","B0964",2010,NA,0,"TR","Floy"
"B0967","B0967",2010,NA,0,"TR","Floy"
"B0971","B0971",2010,NA,0,"TR","Floy"
"B0972","B0972",2010,NA,0,"DEAD","Floy"
"B0973","B0973",2010,NA,0,"TR","Floy"
"B0974","B0974",2010,NA,0,"TR","Floy"
"B0975","B0975",2010,NA,0,"P","Floy"
"B0976","B0976",2010,NA,0,"DEAD","Floy"
"B0977","B0977",2010,NA,0,"TR","Floy"
"B0978","B0978",2010,NA,0,"TR","Floy"
"B0980","B0980",2010,NA,0,"TR","Floy"
"B0981","B0981",2010,NA,0,"TR","Floy"
"B0982","B0982",2010,NA,0,"TR","Floy"
"B0983","B0983",2010,NA,0,"TR","Floy"
"B0984","B0984",2010,NA,0,"TR","Floy"
"B0985","B0985",2010,NA,0,"TR","Floy"
"B0986","B0986",2010,NA,0,"TR","Floy"
"B0987","B0987",2010,NA,0,"TR","Floy"
"B0988","B0988",2010,NA,0,"TR","Floy"
"B0989","B0989",2010,NA,0,"TR","Floy"
"B0990","B0990",2010,NA,0,"TR","Floy"
"B0991","B0991",2010,NA,0,"P","Floy"
"B0992","B0992",2010,"2010",1,"P","Floy"
"B0993","B0993",2010,"2010",1,"P","Floy"
"B0994","B0994",2010,"2010",1,"P","Floy"
"B0995","B0995",2010,"2010",1,"P","Floy"
"B0996","B0996",2010,NA,0,"TR","Floy"
"B0997","B0997",2010,NA,0,"P","Floy"
"B0998","B0998",2010,NA,0,"TR","Floy"
"B0999","B0999",2010,NA,0,"P","Floy"
"B1003","B1003",2010,NA,0,"TR","Floy"
"B1004","B1004",2010,NA,0,"TR","Floy"
"B1005","B1005",2010,NA,0,"TR","Floy"
"B1006","B1006",2010,"2015, 2016",2,"TR","Floy"
"B1007","B1007",2010,NA,0,"TR","Floy"
"B1008","B1008",2010,"2013",1,"TR","Floy"
"B1009","B1009",2010,NA,0,"TR","Floy"
"B1010","B1010",2010,NA,0,"TR","Floy"
"B1011","B1011",2010,"2017",1,"TR","Floy"
"B1012","B1012",2010,NA,0,"TR","Floy"
"B1013","B1013",2010,NA,0,"TR","Floy"
"B1015","B1015",2010,"2010, 2015",2,"TR","Floy"
"B1016","B1016",2010,NA,0,"TR","Floy"
"B1017","B1017",2010,NA,0,"P","Floy"
"B1018","B1018",2010,NA,0,"P","Floy"
"B1019","B1019",2010,NA,0,"P","Floy"
"B1020","B1020",2010,"2010",1,"TR","Floy"
"B1021","B1021",2010,NA,0,"TR","Floy"
"B1022","B1022",2010,NA,0,"P","Floy"
"B1023","B1023",2010,NA,0,"TR","Floy"
"B1024","B1024",2010,NA,0,"P","Floy"
"B1025","B1025",2010,NA,0,"P","Floy"
"B1026","B1026",2010,NA,0,"TR","Floy"
"B1027","B1027",2010,"2010, 2010",2,"TR","Floy"
"B1028","B1028",2010,NA,0,"P","Floy"
"B1029","B1029",2010,"2010, 2010",2,"TR","Floy"
"B1031","B1031",2010,"2010",1,"TR","Floy"
"B1032","B1032",2010,NA,0,"P","Floy"
"B1033","B1033",2010,NA,0,"TR","Floy"
"B1034","B1034",2010,"2013",1,"TR","Floy"
"B1035","B1035",2010,NA,0,"P","Floy"
"B1036","B1036",2010,"2013",1,"P","Floy"
"B1037","B1037",2010,"2017",1,"p","Floy"
"B1038","B1038",2010,NA,0,"P","Floy"
"B1039","B1039",2010,NA,0,"H","Floy"
"B1040","B1040",2010,NA,0,"TR","Floy"
"B1041","B1041",2010,NA,0,"TR","Floy"
"B1042","B1042",2010,NA,0,"TR","Floy"
"B1043","B1043",2010,NA,0,"TR","Floy"
"B1044","B1044",2010,NA,0,"TR","Floy"
"B1045","B1045",2010,NA,0,"TR","Floy"
"B1046","B1046",2010,NA,0,"TR","Floy"
"B1047","B1047",2010,NA,0,"P","Floy"
"B1048","B1048",2010,"2010",1,"TR","Floy"
"B1049","B1049",2010,NA,0,"TR","Floy"
"B1050","B1050",2010,NA,0,"P","Floy"
"B1051","B1051",2010,NA,0,"P","Floy"
"B1054","B1054",2010,"2010",1,"TR","Floy"
"B1055","B1055",2010,NA,0,"P","Floy"
"B1056","B1056",2010,"2010, 2010",2,"TR","Floy"
"B1057","B1057",2010,NA,0,"P","Floy"
"B1058","B1058",2010,NA,0,"P","Floy"
"B1059","B1059",2010,NA,0,"P","Floy"
"B1060","B1060",2010,NA,0,"P","Floy"
"B1061","B1061",2010,NA,0,"TR","Floy"
"B1063","B1063",2010,"2010",1,"P","Floy"
"B1064","B1064",2010,"2010",1,"TR","Floy"
"B1065","B1065",2010,NA,0,"TR","Floy"
"B1066","B1066",2010,NA,0,"P","Floy"
"B1067","B1067",2010,"2010, 2010",2,"TR","Floy"
"B1068","B1068",2010,NA,0,"TR","Floy"
"B1069","B1069",2010,NA,0,"P","Floy"
"B1070","B1070",2010,NA,0,"TR","Floy"
"B1071","B1071",2010,NA,0,"P","Floy"
"B1072","B1072",2010,NA,0,"TR","Floy"
"B1075","B1075",2010,NA,0,"TR","Floy"
"B1077","B1077",2010,NA,0,"P","Floy"
"B1078","B1078",2010,NA,0,"P","Floy"
"B1079","B1079",2010,NA,0,"TR","Floy"
"B1080","B1080",2010,NA,0,"TR","Floy"
"B1081","B1081",2010,NA,0,"P","Floy"
"B1082","B1082",2010,NA,0,"TR","Floy"
"B1083","B1083",2010,NA,0,"P","Floy"
"B1084","B1084",2010,NA,0,"TR","Floy"
"B1085","B1085",2010,"2010, 2013",2,"TR","Floy"
"B1086","B1086",2010,NA,0,"P","Floy"
"B1087","B1087",2010,"2010",1,"TR","Floy"
"B1088","B1088",2010,NA,0,"TR","Floy"
"B1089","B1089",2010,NA,0,"TR","Floy"
"B1090","B1090",2010,NA,0,"TR","Floy"
"B1092","B1092",2010,NA,0,"TR","Floy"
"B1093","B1093",2010,"2010, 2010",2,"TR","Floy"
"B1095","B1095",2010,NA,0,"TR","Floy"
"B1096","B1096",2010,NA,0,"P","Floy"
"B1097","B1097",2010,"2010",1,"P","Floy"
"B1098","B1098",2010,"2010",1,"P","Floy"
"B1099","B1099",2010,NA,0,"TR","Floy"
"L1089","L1089",2010,"2010, 2010",2,"TR","Floy"
"L2051","L2051",2010,NA,0,"DEAD","Floy"
"3069","3069",2011,NA,0,"TR","PIT"
"A0653","A0653",2011,NA,0,"TR","Floy"
"A0654","A0654",2011,"2014",1,"TR","Floy"
"A0656","A0656",2011,NA,0,"TR","Floy"
"A2294","A2294",2011,NA,0,"TR","Floy"
"B0091","B0091",2011,NA,0,"RRPY","Floy"
"B0102","B0102",2011,NA,0,"TR","Floy"
"B0103","B0103",2011,"2011",1,"TR","Floy"
"B0104","B0104",2011,"2013",1,"TR","Floy"
"B0105","B0105",2011,"2011",1,"TR","Floy"
"B0106","B0106",2011,NA,0,"TR","Floy"
"B0107","B0107",2011,NA,0,"TR","Floy"
"B0108","B0108",2011,NA,0,"TR","Floy"
"B0109","B0109",2011,NA,0,"TR","Floy"
"B0110","B0110",2011,NA,0,"TR","Floy"
"B0111","B0111",2011,NA,0,"TR","Floy"
"B0113","B0113",2011,NA,0,"TR","Floy"
"B0114","B0114",2011,"2011",1,"TR","Floy"
"B0115","B0115",2011,NA,0,"TR","Floy"
"B0116","B0116",2011,NA,0,"TR","Floy"
"B0117","B0117",2011,NA,0,"TR","Floy"
"B0118","B0118",2011,NA,0,"TR","Floy"
"B0119","B0119",2011,NA,0,"TR","Floy"
"B0120","B0120",2011,NA,0,"TR","Floy"
"B0121","B0121",2011,NA,0,"RR","Floy"
"B0122","B0122",2011,NA,0,"P","Floy"
"B0123","B0123",2011,NA,0,"TR","Floy"
"B0124","B0124",2011,NA,0,"TR","Floy"
"B0125","B0125",2011,NA,0,"TR","Floy"
"B0127","B0127",2011,"2011, 2011",2,"TR","Floy"
"B0131","B0131",2011,"2011",1,"TR","Floy"
"B0133","B0133",2011,NA,0,"TR","Floy"
"B0134","B0134",2011,NA,0,"TR","Floy"
"B0136","B0136",2011,NA,0,"TR","Floy"
"B0137","B0137",2011,NA,0,"TR","Floy"
"B0138","B0138",2011,NA,0,"TR","Floy"
"B0139","B0139",2011,NA,0,"TR","Floy"
"B0140","B0140",2011,NA,0,"TR","Floy"
"B0141","B0141",2011,"2011",1,"TR","Floy"
"B0142","B0142",2011,NA,0,"TR","Floy"
"B0143","B0143",2011,"2011",1,"TR","Floy"
"B0144","B0144",2011,NA,0,"TR","Floy"
"B0145","B0145",2011,NA,0,"TR","Floy"
"B0146","B0146",2011,NA,0,"TR","Floy"
"B0147","B0147",2011,NA,0,"TR","Floy"
"B0148","B0148",2011,NA,0,"TR","Floy"
"B0149","B0149",2011,NA,0,"TR","Floy"
"B0150","B0150",2011,"2013",1,"TR","Floy"
"B0159","B0159",2011,NA,0,"RRPY","Floy"
"B0401","B0401",2011,NA,0,"TR","Floy"
"B0402","B0402",2011,NA,0,"TR","Floy"
"B0403","B0403",2011,NA,0,"TR","Floy"
"B0404","B0404",2011,NA,0,"H","Floy"
"B0406","B0406",2011,NA,0,"TR","Floy"
"B0407","B0407",2011,"2011",1,"TR","Floy"
"B0408","B0408",2011,NA,0,"TR","Floy"
"B0409","B0409",2011,NA,0,"TR","Floy"
"B0410","B0410",2011,NA,0,"H","Floy"
"B0411","B0411",2011,NA,0,"TR","Floy"
"B0412","B0412",2011,NA,0,"TR","Floy"
"B0413","B0413",2011,"2011",1,"TR","Floy"
"B0414","B0414",2011,NA,0,"TR","Floy"
"B0415","B0415",2011,NA,0,"TR","Floy"
"B0416","B0416",2011,"2017",1,"TR","Floy"
"B0417","B0417",2011,NA,0,"TR","Floy"
"B0418","B0418",2011,NA,0,"TR","Floy"
"B0419","B0419",2011,NA,0,"TR","Floy"
"B0420","B0420",2011,NA,0,"H","Floy"
"B0422","B0422",2011,NA,0,"TR","Floy"
"B0423","B0423",2011,NA,0,"TR","Floy"
"B0424","B0424",2011,"2011, 2016",2,"TR","Floy"
"B0425","B0425",2011,"2011",1,"TR","Floy"
"B0427","B0427",2011,NA,0,"TR","Floy"
"B0428","B0428",2011,"2011, 2011, 2011",3,"TR","Floy"
"B0429","B0429",2011,NA,0,"TR","Floy"
"B0430","B0430",2011,NA,0,"TR","Floy"
"B0431","B0431",2011,"2011",1,"TR","Floy"
"B0433","B0433",2011,NA,0,"TR","Floy"
"B0434","B0434",2011,"2011",1,"TR","Floy"
"B0436","B0436",2011,NA,0,"TR","Floy"
"B0438","B0438",2011,"2011",1,"TR","Floy"
"B0439","B0439",2011,NA,0,"TR","Floy"
"B0440","B0440",2011,NA,0,"TR","Floy"
"B0444","B0444",2011,"2011",1,"TR","Floy"
"B0445","B0445",2011,NA,0,"TR","Floy"
"B0446","B0446",2011,"2011",1,"TR","Floy"
"B0447","B0447",2011,NA,0,"TR","Floy"
"B0448","B0448",2011,"2015",1,"TR","Floy"
"B0449","B0449",2011,"2011",1,"TR","Floy"
"B0450","B0450",2011,"2011",1,"TR","Floy"
"B0451","B0451",2011,NA,0,"TR","Floy"
"B0452","B0452",2011,NA,0,"TR","Floy"
"B0454","B0454",2011,NA,0,"TR","Floy"
"B0455","B0455",2011,NA,0,"TR","Floy"
"B0456","B0456",2011,NA,0,"TR","Floy"
"B0457","B0457",2011,NA,0,"TR","Floy"
"B0458","B0458",2011,"2011, 2011",2,"TR","Floy"
"B0459","B0459",2011,NA,0,"TR","Floy"
"B0460","B0460",2011,NA,0,"TR","Floy"
"B0461","B0461",2011,NA,0,"TR","Floy"
"B0462","B0462",2011,NA,0,"TR","Floy"
"B0464","B0464",2011,"2014",1,"TR","Floy"
"B0466","B0466",2011,"2011",1,"TR","Floy"
"B0467","B0467",2011,NA,0,"TR","Floy"
"B0468","B0468",2011,"2011",1,"TR","Floy"
"B0471","B0471",2011,NA,0,"TR","Floy"
"B0472","B0472",2011,"2011",1,"TR","Floy"
"B0473","B0473",2011,"2019",1,"TR","Floy"
"B0474","B0474",2011,NA,0,"TR","Floy"
"B0475","B0475",2011,NA,0,"TR","Floy"
"B0477","B0477",2011,"2011",1,"TR","Floy"
"B0478","B0478",2011,"2011",1,"TR","Floy"
"B0479","B0479",2011,"2011",1,"TR","Floy"
"B0480","B0480",2011,NA,0,"TR","Floy"
"B0481","B0481",2011,NA,0,"TR","Floy"
"B0482","B0482",2011,NA,0,"TR","Floy"
"B0483","B0483",2011,"2011",1,"TR","Floy"
"B0484","B0484",2011,NA,0,"TR","Floy"
"B0485","B0485",2011,"2011",1,"TR","Floy"
"B0486","B0486",2011,"2011",1,"TR","Floy"
"B0488","B0488",2011,NA,0,"TR","Floy"
"B0489","B0489",2011,NA,0,"TR","Floy"
"B0490","B0490",2011,"2011, 2011",2,"TR","Floy"
"B0491","B0491",2011,NA,0,"TR","Floy"
"B0492","B0492",2011,NA,0,"TR","Floy"
"B0493","B0493",2011,NA,0,"TR","Floy"
"B0494","B0494",2011,NA,0,"TR","Floy"
"B0495","B0495",2011,NA,0,"TR","Floy"
"B0496","B0496",2011,NA,0,"TR","Floy"
"B0497","B0497",2011,"2011, 2011, 2011, 2011, 2011",5,"TR","Floy"
"B0498","B0498",2011,NA,0,"TR","Floy"
"B0499","B0499",2011,"2011",1,"TR","Floy"
"B0500","B0500",2011,"2011, 2011",2,"TR","Floy"
"B1139","B1139",2011,NA,0,"TR","Floy"
"B1150","B1150",2011,NA,0,"RM","Floy"
"B1501","B1501",2011,NA,0,"TR","Floy"
"B1503","B1503",2011,NA,0,"TR","Floy"
"B1506","B1506",2011,NA,0,"TR","Floy"
"B1507","B1507",2011,NA,0,"TR","Floy"
"B1508","B1508",2011,NA,0,"TR","Floy"
"B1509","B1509",2011,NA,0,"TR","Floy"
"B1510","B1510",2011,NA,0,"TR","Floy"
"B1511","B1511",2011,NA,0,"TR","Floy"
"B1512","B1512",2011,NA,0,"TR","Floy"
"B1513","B1513",2011,NA,0,"TR","Floy"
"B1514","B1514",2011,"2011",1,"TR","Floy"
"B1515","B1515",2011,NA,0,"TR","Floy"
"B1516","B1516",2011,"2011",1,"TR","Floy"
"B1517","B1517",2011,NA,0,"TR","Floy"
"B1519","B1519",2011,NA,0,"TR","Floy"
"B1520","B1520",2011,NA,0,"TR","Floy"
"B1521","B1521",2011,NA,0,"TR","Floy"
"B1522","B1522",2011,NA,0,"TR","Floy"
"B1526","B1526",2011,"2016",1,"TR","Floy"
"B1527","B1527",2011,NA,0,"DEAD","Floy"
"B1528","B1528",2011,"2011, 2011",2,"TR","Floy"
"B1529","B1529",2011,NA,0,"TR","Floy"
"B1530","B1530",2011,NA,0,"TR","Floy"
"B1531","B1531",2011,"2011, 2011",2,"TR","Floy"
"B1533","B1533",2011,"2011, 2011, 2019",3,"TR","Floy"
"B1534","B1534",2011,NA,0,"TR","Floy"
"B1535","B1535",2011,NA,0,"TR","Floy"
"B1536","B1536",2011,NA,0,"TR","Floy"
"B1540","B1540",2011,"2013",1,"TR","Floy"
"B1542","B1542",2011,"2011, 2011",2,"TR","Floy"
"B1544","B1544",2011,"2011",1,"TR","Floy"
"B1545","B1545",2011,NA,0,"TR","Floy"
"B1547","B1547",2011,NA,0,"TR","Floy"
"B1548","B1548",2011,NA,0,"TR","Floy"
"B1549","B1549",2011,NA,0,"TR","Floy"
"B1550","B1550",2011,NA,0,"TR","Floy"
"L3070","L3070",2011,NA,0,"RR","Floy"
"L3110","L3110",2011,"2011",1,"TR","Floy"
"L3111","L3111",2011,NA,0,"TR","Floy"
"L3112","L3112",2011,NA,0,"TR","Floy"
"L3113","L3113",2011,"2011",1,"TR","Floy"
"L3131","L3131",2011,NA,0,"TR","Floy"
"L3150","L3150",2011,NA,0,"TR","Floy"
"S06076","S06076",2011,NA,0,"RR","PIT"
"S06084","S06084",2011,NA,0,"TR","Floy"
"S06085","S06085",2011,NA,0,"H","Floy"
"S06086","S06086",2011,NA,0,"TR","Floy"
"S06087","S06087",2011,NA,0,"TR","Floy"
"S06088","S06088",2011,NA,0,"TR","Floy"
"S06089","S06089",2011,NA,0,"TR","Floy"
"S06090","S06090",2011,NA,0,"TR","Floy"
"S06091","S06091",2011,NA,0,"TR","Floy"
"S06092","S06092",2011,NA,0,"TR","Floy"
"S06093","S06093",2011,NA,0,"TR","Floy"
"S06094","S06094",2011,"2011",1,"TR","Floy"
"S06095","S06095",2011,NA,0,"TR","Floy"
"S06096","S06096",2011,NA,0,"TR","Floy"
"S06097","S06097",2011,NA,0,"TR","Floy"
"S06098","S06098",2011,"2019",1,"TR","Floy"
"187002","187002",2012,"2014",1,"TR","PIT"
"187003","187003",2012,"2012",1,"TR","PIT"
"187004","187004",2012,"2012",1,"TR","PIT"
"187005","187005",2012,"2012, 2016",2,"TR","PIT"
"187006","187006",2012,"2014",1,"TR","PIT"
"187007","187007",2012,"2016",1,"TR","PIT"
"187008","187008",2012,NA,0,"TR","PIT"
"187009","187009",2012,NA,0,"TR","PIT"
"187010","187010",2012,NA,0,"TR","PIT"
"187011","187011",2012,NA,0,"TR","PIT"
"187012","187012",2012,"2016, 2019",2,"RRPY","PIT"
"187013","187013",2012,NA,0,"TR","PIT"
"187014","187014",2012,"2012",1,"TR","PIT"
"187015","187015",2012,"2012, 2014",2,"TR","PIT"
"187016","187016",2012,NA,0,"TR","PIT"
"187017","187017",2012,NA,0,"TR","PIT"
"187018","187018",2012,"2012, 2012",2,"TR","PIT"
"187019","187019",2012,"2012, 2016",2,"TR","PIT"
"187020","187020",2012,"2016",1,"TR","PIT"
"187021","187021",2012,NA,0,"TR","PIT"
"187022","187022",2012,"2012",1,"TR","PIT"
"187023","187023",2012,NA,0,"TR","PIT"
"187024","187024",2012,"2014",1,"TR","PIT"
"187025","187025",2012,"2012, 2012",2,"TR","PIT"
"187026","187026",2012,NA,0,"TR","PIT"
"187027","187027",2012,NA,0,"TR","PIT"
"187028","187028",2012,"2012",1,"TR","PIT"
"187029","187029",2012,"2016",1,"TR","PIT"
"187030","187030",2012,NA,0,"TR","PIT"
"187031","187031",2012,"2019",1,"TR","PIT"
"187032","187032",2012,NA,0,"TR","PIT"
"187033","187033",2012,NA,0,"TR","PIT"
"187034","187034",2012,"2017",1,"TR","PIT"
"187035","187035",2012,"2018",1,"TR","PIT"
"187036","187036",2012,NA,0,"TR","PIT"
"187037","187037",2012,"2015",1,"TR","PIT"
"187038","187038",2012,NA,0,"TR","PIT"
"187039","187039",2012,"2012",1,"TR","PIT"
"187040","187040",2012,NA,0,"RRPY","PIT"
"187041","187041",2012,"2017",1,"TR","PIT"
"187042","187042",2012,NA,0,"TR","PIT"
"187043","187043",2012,"2012, 2012",2,"TR","PIT"
"187044","187044",2012,"2012",1,"TR","PIT"
"187045","187045",2012,"2012",1,"TR","PIT"
"187046","187046",2012,NA,0,"TR","PIT"
"187047","187047",2012,NA,0,"TR","PIT"
"187049","187049",2012,"2017",1,"TR","PIT"
"187050","187050",2012,"2016",1,"TR","PIT"
"187051","187051",2012,NA,0,"TR","PIT"
"187052","187052",2012,"2016, 2016",2,"TR","PIT"
"187053","187053",2012,"2014",1,"TR","PIT"
"187054","187054",2012,NA,0,"TR","PIT"
"187055","187055",2012,"2012",1,"TR","PIT"
"187056","187056",2012,NA,0,"TR","PIT"
"187057","187057",2012,"2012, 2012, 2012",3,"TR","PIT"
"187058","187058",2012,NA,0,"TR","PIT"
"187059","187059",2012,"2012",1,"TR","PIT"
"187060","187060",2012,"2012",1,"TR","PIT"
"187061","187061",2012,"2012",1,"TR","PIT"
"187062","187062",2012,NA,0,"TR","PIT"
"187063","187063",2012,"2015",1,"TR","PIT"
"187064","187064",2012,NA,0,"TR","PIT"
"187065","187065",2012,NA,0,"TR","PIT"
"187066","187066",2012,"2016, 2016",2,"TR","PIT"
"187067","187067",2012,"2018",1,"TR","PIT"
"187068","187068",2012,"2012, 2012",2,"TR","PIT"
"187069","187069",2012,"2012",1,"TR","PIT"
"187070","187070",2012,"2012",1,"TR","PIT"
"187071","187071",2012,NA,0,"TR","PIT"
"187072","187072",2012,"2017",1,"TR","PIT"
"187073","187073",2012,"2018",1,"TR","PIT"
"187074","187074",2012,NA,0,"TR","PIT"
"187075","187075",2012,"2012, 2012",2,"TR","PIT"
"187076","187076",2012,NA,0,"TR","PIT"
"187077","187077",2012,"2012, 2012",2,"TR","PIT"
"187078","187078",2012,NA,0,"TR","PIT"
"187079","187079",2012,NA,0,"TR","PIT"
"187080","187080",2012,NA,0,"TR","PIT"
"187081","187081",2012,NA,0,"TR","PIT"
"187082","187082",2012,NA,0,"TR","PIT"
"187083","187083",2012,"2012",1,"TR","PIT"
"187084","187084",2012,"2016, 2016",2,"TR","PIT"
"187085","187085",2012,"2012",1,"TR","PIT"
"187086","187086",2012,"2012",1,"TR","PIT"
"187087","187087",2012,"2012, 2012",2,"TR","PIT"
"187088","187088",2012,NA,0,"TR","PIT"
"187089","187089",2012,"2012, 2019",2,"TR","PIT"
"187090","187090",2012,NA,0,"TR","PIT"
"187091","187091",2012,"2016, 2019",2,"TR","PIT"
"187092","187092",2012,NA,0,"TR","PIT"
"187093","187093",2012,"2014",1,"TR","PIT"
"187094","187094",2012,"2012, 2019",2,"TR","PIT"
"187095","187095",2012,"2012, 2012",2,"TR","PIT"
"187096","187096",2012,"2012",1,"TR","PIT"
"187097","187097",2012,NA,0,"TR","PIT"
"187098","187098",2012,"2012",1,"RRPY","PIT"
"187099","187099",2012,NA,0,"TR","PIT"
"187100","187100",2012,"2012",1,"TR","PIT"
"187101","187101",2012,NA,0,"TR","PIT"
"187102","187102",2012,"2014",1,"TR","PIT"
"187103","187103",2012,NA,0,"TR","PIT"
"187104","187104",2012,"2012",1,"RRPY","PIT"
"187105","187105",2012,NA,0,"TR","PIT"
"187106","187106",2012,"2012",1,"TR","PIT"
"187107","187107",2012,NA,0,"TR","PIT"
"187108","187108",2012,"2015",1,"TR","PIT"
"187109","187109",2012,NA,0,"TR","PIT"
"187110","187110",2012,NA,0,"TR","PIT"
"187111","187111",2012,NA,0,"TR","PIT"
"187112","187112",2012,NA,0,"TR","PIT"
"187113","187113",2012,NA,0,"TR","PIT"
"187114","187114",2012,NA,0,"TR","PIT"
"187115","187115",2012,NA,0,"TR","PIT"
"187116","187116",2012,NA,0,"TR","PIT"
"187117","187117",2012,"2015, 2016",2,"TR","PIT"
"187118","187118",2012,"2012",1,"RRPY","PIT"
"187119","187119",2012,NA,0,"TR","PIT"
"187120","187120",2012,NA,0,"TR","PIT"
"187121","187121",2012,NA,0,"TR","PIT"
"187122","187122",2012,NA,0,"TR","PIT"
"187123","187123",2012,NA,0,"TR","PIT"
"187124","187124",2012,NA,0,"TR","PIT"
"187125","187125",2012,NA,0,"TR","PIT"
"187126","187126",2012,NA,0,"TR","PIT"
"187127","187127",2012,NA,0,"TR","PIT"
"6C00057821","6C00057821",2012,NA,0,"TR","PIT"
"6C00057832","6C00057832",2012,NA,0,"TR","PIT"
"985120030 771440","985120030 771440",2012,NA,0,"RRPY","PIT"
"A0681","A0681",2012,NA,0,"RM","Floy"
"A0682","A0682",2012,NA,0,"RM","Floy"
"A2334","A2334",2012,NA,0,"P","Floy"
"A2430","A2430",2012,NA,0,"P","Floy"
"A2518","A2518",2012,NA,0,"P","Floy"
"B0762","B0762",2012,NA,0,"RM","Floy"
"H300","H300",2012,"2012",1,"TR","Floy"
"186296","186296",2013,"2013, 2013",2,"TR","PIT"
"186297","186297",2013,NA,0,"TR","PIT"
"186298","186298",2013,"2013",1,"TR","PIT"
"186299","186299",2013,NA,0,"TR","PIT"
"186301","186301",2013,NA,0,"TR","PIT"
"186302","186302",2013,"2013, 2013, 2013",3,"TR","PIT"
"186303","186303",2013,NA,0,"TR","PIT"
"186304","186304",2013,"2013, 2013, 2013",3,"TR","PIT"
"186305","186305",2013,NA,0,"TR","PIT"
"186306","186306",2013,NA,0,"TR","PIT"
"186307","186307",2013,"2013, 2013",2,"TR","PIT"
"186308","186308",2013,NA,0,"TR","PIT"
"186309","186309",2013,NA,0,"TR","PIT"
"186310","186310",2013,"2017",1,"TR","PIT"
"186312","186312",2013,NA,0,"TR","PIT"
"186313","186313",2013,"2018",1,"TR","PIT"
"186314","186314",2013,NA,0,"TR","PIT"
"186315","186315",2013,NA,0,"H","PIT"
"186316","186316",2013,NA,0,"TR","PIT"
"186317","186317",2013,NA,0,"RR","PIT"
"186318","186318",2013,NA,0,"TR","PIT"
"186319","186319",2013,"2013, 2016, 2016",3,"TR","PIT"
"186320","186320",2013,"2013",1,"TR","PIT"
"186321","186321",2013,NA,0,"TR","PIT"
"186322","186322",2013,NA,0,"TR","PIT"
"186324","186324",2013,NA,0,"TR","PIT"
"186325","186325",2013,NA,0,"TR","PIT"
"186326","186326",2013,NA,0,"TR","PIT"
"186327","186327",2013,NA,0,"TR","PIT"
"186328","186328",2013,NA,0,"TR","PIT"
"186330","186330",2013,NA,0,"TR","PIT"
"186331","186331",2013,NA,0,"TR","PIT"
"186332","186332",2013,"2016",1,"TR","PIT"
"186333","186333",2013,NA,0,"TR","PIT"
"186334","186334",2013,"2013, 2014, 2014, 2014, 2014, 2014",6,"TR","PIT"
"186335","186335",2013,"2013, 2013, 2013",3,"TR","PIT"
"186336","186336",2013,"2013",1,"TR","PIT"
"186337","186337",2013,"2013",1,"TR","PIT"
"186338","186338",2013,NA,0,"TR","PIT"
"186339","186339",2013,"2017",1,"TR","PIT"
"186340","186340",2013,NA,0,"TR","PIT"
"186341","186341",2013,"2013",1,"TR","PIT"
"186342","186342",2013,NA,0,"TR","PIT"
"186343","186343",2013,NA,0,"TR","PIT"
"186344","186344",2013,NA,0,"TR","PIT"
"186345","186345",2013,NA,0,"TR","PIT"
"186346","186346",2013,NA,0,"TR","PIT"
"186348","186348",2013,"2013, 2019",2,"TR","PIT"
"186349","186349",2013,NA,0,"TR","PIT"
"186350","186350",2013,NA,0,"TR","PIT"
"186351","186351",2013,NA,0,"TR","PIT"
"186352","186352",2013,NA,0,"TR","PIT"
"186353","186353",2013,NA,0,"RRPY","PIT"
"186354","186354",2013,NA,0,"TR","PIT"
"186355","186355",2013,NA,0,"TR","PIT"
"186356","186356",2013,NA,0,"TR","PIT"
"186357","186357",2013,NA,0,"TR","PIT"
"186358","186358",2013,"2013",1,"TR","PIT"
"186359","186359",2013,NA,0,"TR","PIT"
"186360","186360",2013,NA,0,"TR","PIT"
"186361","186361",2013,NA,0,"TR","PIT"
"187201","187201",2013,"2013, 2013, 2013, 2017",4,"TR","PIT"
"187202","187202",2013,"2013, 2013, 2013",3,"TR","PIT"
"187203","187203",2013,NA,0,"H","PIT"
"187204","187204",2013,NA,0,"TR","PIT"
"187205","187205",2013,NA,0,"H","PIT"
"187206","187206",2013,"2015",1,"RRPY","PIT"
"187207","187207",2013,"2018",1,"RRPY","PIT"
"187208","187208",2013,"2013, 2014",2,"TR","PIT"
"187209","187209",2013,NA,0,"TR","PIT"
"187210","187210",2013,NA,0,"TR","PIT"
"187211","187211",2013,"2013, 2019",2,"TR","PIT"
"187212","187212",2013,NA,0,"TR","PIT"
"187213","187213",2013,"2013, 2013",2,"RRPY","PIT"
"187214","187214",2013,"2017",1,"TR","PIT"
"187215","187215",2013,NA,0,"TR","PIT"
"187216","187216",2013,"2013",1,"TR","PIT"
"187217","187217",2013,"2013",1,"RRPY","PIT"
"187218","187218",2013,NA,0,"TR","PIT"
"187219","187219",2013,NA,0,"TR","PIT"
"187220","187220",2013,"2013, 2018",2,"TR","PIT"
"187221","187221",2013,NA,0,"TR","PIT"
"187222","187222",2013,NA,0,"TR","PIT"
"187223","187223",2013,"2017, 2017",2,"RRPY","PIT"
"187224","187224",2013,"2013",1,"TR","PIT"
"187225","187225",2013,NA,0,"TR","PIT"
"187226","187226",2013,NA,0,"TR","PIT"
"187227","187227",2013,NA,0,"TR","PIT"
"187228","187228",2013,"2017",1,"TR","PIT"
"187229","187229",2013,NA,0,"TR","PIT"
"187230","187230",2013,"2015",1,"RRPY","PIT"
"187231","187231",2013,"2013",1,"TR","PIT"
"187232","187232",2013,"2013",1,"TR","PIT"
"187233","187233",2013,NA,0,"TR","PIT"
"187234","187234",2013,NA,0,"TR","PIT"
"187235","187235",2013,NA,0,"TR","PIT"
"187236","187236",2013,NA,0,"TR","PIT"
"187237","187237",2013,NA,0,"RRPY","PIT"
"187238","187238",2013,"2013, 2018",2,"TR","PIT"
"187239","187239",2013,"2013",1,"TR","PIT"
"187240","187240",2013,"2013",1,"TR","PIT"
"187241","187241",2013,NA,0,"TR","PIT"
"187242","187242",2013,NA,0,"TR","PIT"
"187243","187243",2013,"2015",1,"TR","PIT"
"187244","187244",2013,"2020",1,"TR","PIT"
"187245","187245",2013,NA,0,"TR","PIT"
"187246","187246",2013,NA,0,"TR","PIT"
"187247","187247",2013,NA,0,"TR","PIT"
"187248","187248",2013,NA,0,"TR","PIT"
"187249","187249",2013,NA,0,"TR","PIT"
"187250","187250",2013,NA,0,"TR","PIT"
"187251","187251",2013,NA,0,"TR","PIT"
"187252","187252",2013,"2013, 2017",2,"TR","PIT"
"187253","187253",2013,NA,0,"TR","PIT"
"187254","187254",2013,NA,0,"RRPY","PIT"
"187255","187255",2013,"2013, 2013, 2013",3,"TR","PIT"
"187256","187256",2013,NA,0,"TR","PIT"
"187257","187257",2013,NA,0,"TR","PIT"
"187258","187258",2013,NA,0,"TR","PIT"
"187259","187259",2013,"2013, 2013, 2019",3,"TR","PIT"
"187260","187260",2013,"2019",1,"TR","PIT"
"187261","187261",2013,NA,0,"TR","PIT"
"187262","187262",2013,NA,0,"TR","PIT"
"187263","187263",2013,NA,0,"TR","PIT"
"187264","187264",2013,"2017",1,"TR","PIT"
"187265","187265",2013,"2013, 2013",2,"TR","PIT"
"187266","187266",2013,NA,0,"TR","PIT"
"187267","187267",2013,NA,0,"TR","PIT"
"187268","187268",2013,NA,0,"TR","PIT"
"187269","187269",2013,NA,0,"RRPY","PIT"
"187270","187270",2013,"2015",1,"TR","PIT"
"187271","187271",2013,"2018",1,"TR","PIT"
"187272","187272",2013,NA,0,"TR","PIT"
"187273","187273",2013,NA,0,"TR","PIT"
"187274","187274",2013,NA,0,"TR","PIT"
"187275","187275",2013,NA,0,"TR","PIT"
"187276","187276",2013,NA,0,"TR","PIT"
"187277","187277",2013,"2013",1,"TR","PIT"
"187278","187278",2013,NA,0,"TR","PIT"
"187280","187280",2013,"2016",1,"TR","PIT"
"187281","187281",2013,NA,0,"TR","PIT"
"187282","187282",2013,"2013",1,"TR","PIT"
"187283","187283",2013,"2013",1,"TR","PIT"
"187284","187284",2013,NA,0,"TR","PIT"
"187285","187285",2013,"2013, 2013",2,"TR","PIT"
"187286","187286",2013,"2019",1,"TR","PIT"
"187287","187287",2013,NA,0,"TR","PIT"
"187288","187288",2013,"2013, 2013",2,"TR","PIT"
"187289","187289",2013,"2013",1,"TR","PIT"
"187290","187290",2013,NA,0,"TR","PIT"
"187291","187291",2013,NA,0,"TR","PIT"
"187292","187292",2013,"2013, 2018",2,"RRPY","PIT"
"187293","187293",2013,"2016, 2016, 2016",3,"TR","PIT"
"187294","187294",2013,"2019",1,"TR","PIT"
"187295","187295",2013,"2013, 2015",2,"RRPY","PIT"
"187322","187322",2013,NA,0,"RR","PIT"
"187323","187323",2013,NA,0,"TR","PIT"
"187347","187347",2013,NA,0,"TR","PIT"
"456A775F0D","456A775F0D",2013,NA,0,"H","PIT"
"985121018388661","985121018388661",2013,NA,0,"TR","PIT"
"A16100","A16100",2013,NA,0,"H","Floy"
"A1853","A1853",2013,NA,0,"H","Floy"
"A2032","A2032",2013,NA,0,"P","Floy"
"A2284","A2284",2013,NA,0,"H","Floy"
"B0586","B0586",2013,NA,0,"RRPY","Floy"
"C32853","C32853",2013,NA,0,"TR","Floy"
"L1097","L1097",2013,NA,0,"H","Floy"
"L2058","L2058",2013,NA,0,"H","Floy"
"L3153","L3153",2013,NA,0,"TR","Floy"
"186362","186362",2014,"2019",1,"TR","PIT"
"186363","186363",2014,NA,0,"TR","PIT"
"186364","186364",2014,NA,0,"TR","PIT"
"186365","186365",2014,NA,0,"TR","PIT"
"186366","186366",2014,"2014, 2019",2,"TR","PIT"
"186367","186367",2014,"2014",1,"TR","PIT"
"186368","186368",2014,"2017",1,"TR","PIT"
"186369","186369",2014,"2016",1,"TR","PIT"
"186370","186370",2014,"2018, 2020",2,"TR","PIT"
"186371","186371",2014,"2016",1,"TR","PIT"
"186372","186372",2014,NA,0,"TR","PIT"
"186373","186373",2014,NA,0,"RRPY","PIT"
"186374","186374",2014,"2014",1,"TR","PIT"
"186375","186375",2014,NA,0,"TR","PIT"
"186376","186376",2014,"2018",1,"TR","PIT"
"186377","186377",2014,"2020",1,"TR","PIT"
"186378","186378",2014,"2014, 2016, 2016, 2016, 2016",5,"TR","PIT"
"186379","186379",2014,NA,0,"TR","PIT"
"186380","186380",2014,"2014, 2014",2,"TR","PIT"
"186381","186381",2014,NA,0,"TR","PIT"
"186382","186382",2014,NA,0,"TR","PIT"
"186383","186383",2014,"2014",1,"TR","PIT"
"186384","186384",2014,"2014",1,"TR","PIT"
"186385","186385",2014,"2019",1,"TR","PIT"
"186386","186386",2014,NA,0,"TR","PIT"
"186387","186387",2014,NA,0,"TR","PIT"
"186388","186388",2014,NA,0,"TR","PIT"
"186389","186389",2014,"2014",1,"TR","PIT"
"186390","186390",2014,"2014",1,"TR","PIT"
"186391","186391",2014,NA,0,"TR","PIT"
"186392","186392",2014,"2014, 2014",2,"TR","PIT"
"186393","186393",2014,"2014",1,"TR","PIT"
"186394","186394",2014,NA,0,"TR","PIT"
"186395","186395",2014,"2014",1,"TR","PIT"
"186396","186396",2014,"2014",1,"TR","PIT"
"186397","186397",2014,"2016",1,"TR","PIT"
"186398","186398",2014,"2014",1,"TR","PIT"
"186399","186399",2014,"2014",1,"TR","PIT"
"186400","186400",2014,"2014, 2014",2,"RRPY","PIT"
"186401","186401",2014,NA,0,"TR","PIT"
"186402","186402",2014,NA,0,"TR","PIT"
"186403","186403",2014,"2014",1,"TR","PIT"
"186404","186404",2014,NA,0,"TR","PIT"
"186405","186405",2014,NA,0,"TR","PIT"
"186406","186406",2014,"2014",1,"TR","PIT"
"186407","186407",2014,NA,0,"TR","PIT"
"186408","186408",2014,"2014",1,"TR","PIT"
"186409","186409",2014,NA,0,"TR","PIT"
"186410","186410",2014,NA,0,"TR","PIT"
"186411","186411",2014,NA,0,"TR","PIT"
"186412","186412",2014,"2019",1,"TR","PIT"
"186413","186413",2014,NA,0,"TR","PIT"
"186414","186414",2014,NA,0,"H","PIT"
"186415","186415",2014,NA,0,"TR","PIT"
"186416","186416",2014,NA,0,"TR","PIT"
"186417","186417",2014,NA,0,"TR","PIT"
"186418","186418",2014,NA,0,"TR","PIT"
"186419","186419",2014,NA,0,"H","PIT"
"186420","186420",2014,NA,0,"TR","PIT"
"186421","186421",2014,NA,0,"TR","PIT"
"186422","186422",2014,"2016",1,"TR","PIT"
"186423","186423",2014,"2019",1,"TR","PIT"
"186424","186424",2014,"2014",1,"TR","PIT"
"186425","186425",2014,NA,0,"TR","PIT"
"186426","186426",2014,NA,0,"TR","PIT"
"186427","186427",2014,NA,0,"TR","PIT"
"186428","186428",2014,NA,0,"TR","PIT"
"186429","186429",2014,NA,0,"TR","PIT"
"186430","186430",2014,NA,0,"TR","PIT"
"186431","186431",2014,"2014",1,"TR","PIT"
"186432","186432",2014,NA,0,"TR","PIT"
"186433","186433",2014,NA,0,"TR","PIT"
"186434","186434",2014,NA,0,"RRPY","PIT"
"186435","186435",2014,"2017",1,"TR","PIT"
"186436","186436",2014,NA,0,"TR","PIT"
"186437","186437",2014,"2018",1,"TR","PIT"
"186438","186438",2014,NA,0,"TR","PIT"
"186439","186439",2014,"2018",1,"RRPY","PIT"
"186440","186440",2014,"2018",1,"TR","PIT"
"186441","186441",2014,NA,0,"TR","PIT"
"186501","186501",2014,NA,0,"H","PIT"
"186502","186502",2014,"2019",1,"H","PIT"
"186503","186503",2014,"2014, 2014",2,"RRPY","PIT"
"186504","186504",2014,NA,0,"h","PIT"
"186505","186505",2014,NA,0,"H","PIT"
"186506","186506",2014,NA,0,"H","PIT"
"186508","186508",2014,"2015",1,"RRPY","PIT"
"187128","187128",2014,"2014, 2014",2,"TR","PIT"
"187129","187129",2014,NA,0,"TR","PIT"
"187130","187130",2014,"2014, 2014",2,"TR","PIT"
"187131","187131",2014,"2018",1,"TR","PIT"
"187132","187132",2014,"2014",1,"TR","PIT"
"187133","187133",2014,"2014",1,"TR","PIT"
"187134","187134",2014,"2014",1,"TR","PIT"
"187136","187136",2014,"2014",1,"TR","PIT"
"187137","187137",2014,"2016, 2016",2,"TR","PIT"
"187138","187138",2014,"2017",1,"TR","PIT"
"187139","187139",2014,"2014",1,"TR","PIT"
"187140","187140",2014,"2014",1,"TR","PIT"
"187141","187141",2014,"2014",1,"TR","PIT"
"187142","187142",2014,"2014",1,"TR","PIT"
"187143","187143",2014,"2014",1,"TR","PIT"
"187144","187144",2014,"2014",1,"TR","PIT"
"187145","187145",2014,"2014, 2016",2,"TR","PIT"
"187146","187146",2014,"2014, 2014",2,"TR","PIT"
"187147","187147",2014,"2014",1,"TR","PIT"
"187148","187148",2014,NA,0,"TR","PIT"
"187149","187149",2014,NA,0,"TR","PIT"
"187150","187150",2014,NA,0,"TR","PIT"
"187151","187151",2014,NA,0,"TR","PIT"
"187152","187152",2014,NA,0,"TR","PIT"
"187153","187153",2014,"2016, 2016",2,"TR","PIT"
"187154","187154",2014,"2014, 2017",2,"TR","PIT"
"187155","187155",2014,NA,0,"TR","PIT"
"187156","187156",2014,NA,0,"TR","PIT"
"187157","187157",2014,"2014, 2014",2,"TR","PIT"
"187158","187158",2014,NA,0,"TR","PIT"
"187159","187159",2014,"2014",1,"TR","PIT"
"187160","187160",2014,"2014",1,"TR","PIT"
"187161","187161",2014,NA,0,"TR","PIT"
"187162","187162",2014,"2014",1,"TR","PIT"
"187163","187163",2014,NA,0,"TR","PIT"
"187164","187164",2014,NA,0,"TR","PIT"
"187165","187165",2014,NA,0,"TR","PIT"
"187166","187166",2014,NA,0,"DEAD","PIT"
"187167","187167",2014,"2014, 2014, 2020",3,"TR","PIT"
"187168","187168",2014,"2017",1,"TR","PIT"
"187169","187169",2014,NA,0,"TR","PIT"
"187170","187170",2014,"2014",1,"TR","PIT"
"187171","187171",2014,NA,0,"TR","PIT"
"187172","187172",2014,NA,0,"TR","PIT"
"187173","187173",2014,"2014, 2014",2,"TR","PIT"
"187174","187174",2014,"2014, 2014",2,"TR","PIT"
"187175","187175",2014,NA,0,"TR","PIT"
"187176","187176",2014,NA,0,"TR","PIT"
"187177","187177",2014,NA,0,"TR","PIT"
"187178","187178",2014,NA,0,"TR","PIT"
"187179","187179",2014,"2018",1,"RRPY","PIT"
"187180","187180",2014,"2014",1,"TR","PIT"
"187181","187181",2014,"2014, 2014",2,"TR","PIT"
"187182","187182",2014,NA,0,"TR","PIT"
"187183","187183",2014,NA,0,"TR","PIT"
"187184","187184",2014,"2014",1,"TR","PIT"
"187185","187185",2014,"2014",1,"TR","PIT"
"187186","187186",2014,"2016, 2016, 2019",3,"TR","PIT"
"187187","187187",2014,NA,0,"RRPY","PIT"
"187188","187188",2014,NA,0,"TR","PIT"
"187189","187189",2014,NA,0,"TR","PIT"
"187190","187190",2014,"2014, 2018",2,"TR","PIT"
"187191","187191",2014,NA,0,"TR","PIT"
"187192","187192",2014,NA,0,"TR","PIT"
"187193","187193",2014,NA,0,"TR","PIT"
"187194","187194",2014,NA,0,"TR","PIT"
"187195","187195",2014,"2014, 2020",2,"TR","PIT"
"187196","187196",2014,NA,0,"TR","PIT"
"187197","187197",2014,NA,0,"TR","PIT"
"187198","187198",2014,"2014",1,"TR","PIT"
"187199","187199",2014,NA,0,"TR","PIT"
"187200","187200",2014,NA,0,"TR","PIT"
"6820081","6820081",2014,NA,0,"RM","PIT"
"6820454","6820454",2014,NA,0,"RM","PIT"
"6820588","6820588",2014,NA,0,"RM","PIT"
"6C00057767","6C00057767",2014,NA,0,"RRPY","PIT"
"6C00057774","6C00057774",2014,NA,0,"TR","PIT"
"6C00057820","6C00057820",2014,NA,0,"TR","PIT"
"6C00057829T","6C00057829T",2014,NA,0,"p","PIT"
"6C00057840","6C00057840",2014,NA,0,"RRPY","PIT"
"985121018269810","985121018269810",2014,NA,0,"TR","PIT"
"985121018378103","985121018378103",2014,NA,0,"P","PIT"
"A0673","A0673",2014,NA,0,"RRPY","Floy"
"A2024","A2024",2014,NA,0,"P","Floy"
"A2223","A2223",2014,NA,0,"P","Floy"
"A2290","A2290",2014,NA,0,"TR","Floy"
"A2434","A2434",2014,NA,0,"p","Floy"
"A2818","A2818",2014,NA,0,"TR","Floy"
"B0157","B0157",2014,NA,0,"RRPY","Floy"
"B0158","B0158",2014,NA,0,"RRPY","Floy"
"B0295","B0295",2014,NA,0,"RRPY","Floy"
"B0296","B0296",2014,NA,0,"RRPY","Floy"
"B83","B83",2014,NA,0,"RRPY","Floy"
"S6089","S6089",2014,NA,0,"RRPY","Floy"
"S6091","S6091",2014,NA,0,"RRPY","Floy"
"186300","186300",2015,NA,0,"RMPY","PIT"
"186442","186442",2015,NA,0,"TR","PIT"
"186443","186443",2015,NA,0,"TR","PIT"
"186444","186444",2015,NA,0,"TR","PIT"
"186445","186445",2015,NA,0,"TR","PIT"
"186446","186446",2015,NA,0,"TR","PIT"
"186447","186447",2015,"2015, 2015",2,"TR","PIT"
"186448","186448",2015,NA,0,"TR","PIT"
"186449","186449",2015,NA,0,"TR","PIT"
"186450","186450",2015,NA,0,"TR","PIT"
"186451","186451",2015,NA,0,"TR","PIT"
"186452","186452",2015,NA,0,"TR","PIT"
"186507","186507",2015,NA,0,"TR","PIT"
"186509","186509",2015,NA,0,"TR","PIT"
"186510","186510",2015,NA,0,"TR","PIT"
"186511","186511",2015,"2015, 2015",2,"TR","PIT"
"186512","186512",2015,NA,0,"TR","PIT"
"186513","186513",2015,NA,0,"TR","PIT"
"186514","186514",2015,"2015",1,"TR","PIT"
"186517","186517",2015,NA,0,"TR","PIT"
"186518","186518",2015,NA,0,"TR","PIT"
"186519","186519",2015,"2015",1,"TR","PIT"
"186520","186520",2015,"2015, 2018",2,"TR","PIT"
"186521","186521",2015,"2017",1,"TR","PIT"
"186522","186522",2015,"2015, 2019",2,"TR","PIT"
"186523","186523",2015,NA,0,"TR","PIT"
"186524","186524",2015,"2015, 2015, 2018, 2018",4,"TR","PIT"
"186525","186525",2015,"2015",1,"TR","PIT"
"186527","186527",2015,"2015, 2015, 2015, 2018, 2018",5,"RRPY","PIT"
"186529","186529",2015,"2015",1,"TR","PIT"
"186530","186530",2015,NA,0,"TR","PIT"
"186531","186531",2015,NA,0,"TR","PIT"
"186532","186532",2015,NA,0,"TR","PIT"
"186533","186533",2015,NA,0,"TR","PIT"
"186534","186534",2015,"2015, 2015, 2019",3,"TR","PIT"
"186535","186535",2015,"2015, 2018",2,"TR","PIT"
"186536","186536",2015,"2015",1,"TR","PIT"
"186537","186537",2015,"2018",1,"TR","PIT"
"186538","186538",2015,NA,0,"TR","PIT"
"186539","186539",2015,"2015, 2018",2,"RRPY","PIT"
"186540","186540",2015,"2020",1,"TR","PIT"
"186541","186541",2015,"2015, 2015, 2015",3,"TR","PIT"
"186542","186542",2015,"2015, 2015",2,"TR","PIT"
"186543","186543",2015,"2016",1,"TR","PIT"
"186544","186544",2015,NA,0,"TR","PIT"
"186545","186545",2015,"2015, 2015",2,"TR","PIT"
"186546","186546",2015,NA,0,"TR","PIT"
"186548","186548",2015,NA,0,"TR","PIT"
"186549","186549",2015,"2019",1,"TR","PIT"
"186550","186550",2015,"2015, 2015",2,"TR","PIT"
"186551","186551",2015,NA,0,"TR","PIT"
"186552","186552",2015,NA,0,"TR","PIT"
"186553","186553",2015,"2015, 2020",2,"TR","PIT"
"186554","186554",2015,"2019",1,"TR","PIT"
"186555","186555",2015,"2019",1,"TR","PIT"
"186556","186556",2015,"2015, 2015, 2015",3,"TR","PIT"
"186557","186557",2015,NA,0,"TR","PIT"
"186558","186558",2015,NA,0,"TR","PIT"
"186559","186559",2015,NA,0,"TR","PIT"
"186560","186560",2015,"2015",1,"TR","PIT"
"186562","186562",2015,NA,0,"TR","PIT"
"186563","186563",2015,NA,0,"TR","PIT"
"186564","186564",2015,NA,0,"TR","PIT"
"186565","186565",2015,NA,0,"RRPY","PIT"
"186566","186566",2015,NA,0,"TR","PIT"
"186568","186568",2015,"2015",1,"TR","PIT"
"186569","186569",2015,NA,0,"TR","PIT"
"186570","186570",2015,NA,0,"TR","PIT"
"186571","186571",2015,"2019",1,"TR","PIT"
"186572","186572",2015,NA,0,"DEAD","PIT"
"186574","186574",2015,"2017",1,"TR","PIT"
"186575","186575",2015,"2020",1,"TR","PIT"
"186576","186576",2015,NA,0,"TR","PIT"
"186577","186577",2015,NA,0,"TR","PIT"
"186578","186578",2015,NA,0,"TR","PIT"
"186580","186580",2015,NA,0,"TR","PIT"
"186581","186581",2015,NA,0,"TR","PIT"
"186582","186582",2015,NA,0,"TR","PIT"
"186583","186583",2015,NA,0,"TR","PIT"
"186584","186584",2015,NA,0,"TR","PIT"
"186585","186585",2015,NA,0,"TR","PIT"
"1F7437773F","1F7437773F",2015,NA,0,"P","PIT"
"41127A1F26","41127A1F26",2015,NA,0,"P","PIT"
"90010000187254","90010000187254",2015,NA,0,"RRPY","PIT"
"985120031096727","985120031096727",2015,NA,0,"RRPY","PIT"
"985120031124510","985120031124510",2015,NA,0,"RRPY","PIT"
"A0652","A0652",2015,NA,0,"RRPY","Floy"
"A2215","A2215",2015,NA,0,"P","Floy"
"A2393","A2393",2015,NA,0,"P","Floy"
"A4006","A4006",2015,NA,0,"DEAD","Floy"
"OA13667A7F","OA13667A7F",2015,NA,0,"TR","PIT"
"S6085","S6085",2015,NA,0,"RRPY","Floy"
"186454","186454",2016,"2020",1,"TR","PIT"
"186455","186455",2016,NA,0,"TR","PIT"
"186456","186456",2016,"2018",1,"TR","PIT"
"186457","186457",2016,"2016",1,"TR","PIT"
"186458","186458",2016,"2016, 2016, 2016, 2016",4,"TR","PIT"
"186459","186459",2016,NA,0,"TR","PIT"
"186460","186460",2016,"2016",1,"TR","PIT"
"186461","186461",2016,"2016",1,"TR","PIT"
"186462","186462",2016,"2016",1,"TR","PIT"
"186463","186463",2016,"2016",1,"TR","PIT"
"186464","186464",2016,"2016",1,"TR","PIT"
"186465","186465",2016,"2016, 2016",2,"TR","PIT"
"186466","186466",2016,NA,0,"TR","PIT"
"186467","186467",2016,"2016, 2016, 2019",3,"TR","PIT"
"186468","186468",2016,"2016",1,"TR","PIT"
"186469","186469",2016,"2016",1,"TR","PIT"
"186470","186470",2016,"2016, 2019",2,"RRPY","PIT"
"186471","186471",2016,"2018",1,"TR","PIT"
"186472","186472",2016,NA,0,"TR","PIT"
"186473","186473",2016,"2016, 2016",2,"TR","PIT"
"186474","186474",2016,NA,0,"RRPY","PIT"
"186475","186475",2016,"2016, 2016",2,"TR","PIT"
"186476","186476",2016,NA,0,"TR","PIT"
"186477","186477",2016,"2016, 2016",2,"TR","PIT"
"186478","186478",2016,"2016",1,"TR","PIT"
"186479","186479",2016,NA,0,"TR","PIT"
"186480","186480",2016,"2016, 2019",2,"TR","PIT"
"186481","186481",2016,"2016",1,"TR","PIT"
"186482","186482",2016,NA,0,"TR","PIT"
"186484","186484",2016,"2016",1,"TR","PIT"
"186485","186485",2016,"2016",1,"TR","PIT"
"186486","186486",2016,NA,0,"TR","PIT"
"186487","186487",2016,NA,0,"TR","PIT"
"186488","186488",2016,NA,0,"TR","PIT"
"186489","186489",2016,"2016",1,"TR","PIT"
"186490","186490",2016,"2016",1,"TR","PIT"
"186491","186491",2016,NA,0,"TR","PIT"
"186492","186492",2016,"2016",1,"TR","PIT"
"186493","186493",2016,"2016, 2020, 2020",3,"TR","PIT"
"186494","186494",2016,"2016",1,"TR","PIT"
"186495","186495",2016,NA,0,"TR","PIT"
"186496","186496",2016,"2016",1,"TR","PIT"
"186497","186497",2016,NA,0,"TR","PIT"
"186498","186498",2016,"2019",1,"TR","PIT"
"186499","186499",2016,"2016, 2016",2,"TR","PIT"
"186500","186500",2016,"2016, 2019",2,"TR","PIT"
"186528","186528",2016,"2016",1,"TR","PIT"
"186547","186547",2016,"2016",1,"TR","PIT"
"186579","186579",2016,"2016, 2018",2,"TR","PIT"
"186586","186586",2016,"2016",1,"TR","PIT"
"186587","186587",2016,"2016, 2016",2,"TR","PIT"
"186588","186588",2016,NA,0,"TR","PIT"
"186589","186589",2016,NA,0,"TR","PIT"
"186590","186590",2016,NA,0,"TR","PIT"
"186591","186591",2016,"2018",1,"RRPY","PIT"
"186592","186592",2016,NA,0,"TR","PIT"
"186593","186593",2016,NA,0,"TR","PIT"
"186594","186594",2016,"2016",1,"TR","PIT"
"186595","186595",2016,NA,0,"TR","PIT"
"186596","186596",2016,NA,0,"TR","PIT"
"186597","186597",2016,NA,0,"TR","PIT"
"186598","186598",2016,"2016, 2019",2,"TR","PIT"
"186599","186599",2016,NA,0,"TR","PIT"
"186600","186600",2016,NA,0,"TR","PIT"
"186601","186601",2016,"2016",1,"TR","PIT"
"186602","186602",2016,NA,0,"TR","PIT"
"186603","186603",2016,"2020",1,"TR","PIT"
"186604","186604",2016,"2016",1,"TR","PIT"
"186605","186605",2016,"2016",1,"TR","PIT"
"186606","186606",2016,NA,0,"TR","PIT"
"186607","186607",2016,"2016",1,"TR","PIT"
"186608","186608",2016,"2016, 2016, 2019",3,"TR","PIT"
"186609","186609",2016,"2016",1,"TR","PIT"
"186610","186610",2016,"2016, 2016",2,"TR","PIT"
"186611","186611",2016,"2016",1,"TR","PIT"
"186612","186612",2016,NA,0,"TR","PIT"
"186613","186613",2016,"2016, 2018",2,"TR","PIT"
"186614","186614",2016,"2016, 2016, 2016",3,"TR","PIT"
"186615","186615",2016,"2016",1,"TR","PIT"
"186616","186616",2016,"2016, 2016",2,"TR","PIT"
"186617","186617",2016,NA,0,"TR","PIT"
"186618","186618",2016,"2016",1,"TR","PIT"
"186619","186619",2016,NA,0,"TR","PIT"
"186620","186620",2016,"2016",1,"TR","PIT"
"186621","186621",2016,NA,0,"TR","PIT"
"186622","186622",2016,NA,0,"TR","PIT"
"186623","186623",2016,"2019",1,"TR","PIT"
"186624","186624",2016,NA,0,"TR","PIT"
"186625","186625",2016,NA,0,"TR","PIT"
"186626","186626",2016,"2020",1,"TR","PIT"
"186627","186627",2016,"2016",1,"TR","PIT"
"186628","186628",2016,"2016",1,"TR","PIT"
"186629","186629",2016,"2016",1,"TR","PIT"
"186630","186630",2016,NA,0,"TR","PIT"
"186631","186631",2016,"2016, 2016",2,"TR","PIT"
"186632","186632",2016,NA,0,"TR","PIT"
"186633","186633",2016,NA,0,"TR","PIT"
"186634","186634",2016,NA,0,"TR","PIT"
"186635","186635",2016,NA,0,"TR","PIT"
"186636","186636",2016,NA,0,"TR","PIT"
"186637","186637",2016,NA,0,"TR","PIT"
"186638","186638",2016,"2016",1,"TR","PIT"
"186639","186639",2016,"2016",1,"TR","PIT"
"186640","186640",2016,"2016",1,"TR","PIT"
"186641","186641",2016,NA,0,"TR","PIT"
"186642","186642",2016,"2016",1,"TR","PIT"
"186643","186643",2016,NA,0,"TR","PIT"
"186644","186644",2016,NA,0,"TR","PIT"
"186645","186645",2016,"2016",1,"TR","PIT"
"186646","186646",2016,NA,0,"TR","PIT"
"186647","186647",2016,"2019",1,"TR","PIT"
"186648","186648",2016,NA,0,"TR","PIT"
"186649","186649",2016,NA,0,"TR","PIT"
"186650","186650",2016,NA,0,"TR","PIT"
"186651","186651",2016,"2016, 2016",2,"TR","PIT"
"186652","186652",2016,"2016",1,"TR","PIT"
"186654","186654",2016,NA,0,"TR","PIT"
"186655","186655",2016,"2018",1,"TR","PIT"
"186656","186656",2016,NA,0,"TR","PIT"
"186657","186657",2016,NA,0,"RRPY","PIT"
"186658","186658",2016,"2016",1,"TR","PIT"
"186659","186659",2016,"2016, 2016",2,"TR","PIT"
"186660","186660",2016,"2016",1,"TR","PIT"
"186661","186661",2016,NA,0,"TR","PIT"
"186662","186662",2016,"2016",1,"TR","PIT"
"186663","186663",2016,NA,0,"TR","PIT"
"186664","186664",2016,"2018",1,"TR","PIT"
"186665","186665",2016,"2018",1,"TR","PIT"
"186666","186666",2016,"2016, 2016, 2016",3,"TR","PIT"
"186667","186667",2016,"2016, 2016, 2016, 2019",4,"TR","PIT"
"186668","186668",2016,"2016",1,"TR","PIT"
"186669","186669",2016,NA,0,"TR","PIT"
"186670","186670",2016,"2016",1,"TR","PIT"
"186671","186671",2016,"2016",1,"TR","PIT"
"186672","186672",2016,NA,0,"TR","PIT"
"186673","186673",2016,NA,0,"TR","PIT"
"186674","186674",2016,"2020",1,"TR","PIT"
"186675","186675",2016,NA,0,"TR","PIT"
"186676","186676",2016,NA,0,"TR","PIT"
"186677","186677",2016,NA,0,"TR","PIT"
"186678","186678",2016,"2016",1,"TR","PIT"
"186679","186679",2016,"2016, 2016",2,"TR","PIT"
"186680","186680",2016,NA,0,"TR","PIT"
"186681","186681",2016,"2016, 2016",2,"TR","PIT"
"186682","186682",2016,"2019",1,"TR","PIT"
"186683","186683",2016,"2016",1,"TR","PIT"
"186684","186684",2016,"2019",1,"TR","PIT"
"186685","186685",2016,"2016",1,"TR","PIT"
"186686","186686",2016,NA,0,"TR","PIT"
"186687","186687",2016,NA,0,"TR","PIT"
"186688","186688",2016,NA,0,"TR","PIT"
"186689","186689",2016,"2016",1,"TR","PIT"
"186690","186690",2016,"2016, 2016, 2016",3,"TR","PIT"
"186691","186691",2016,"2016",1,"TR","PIT"
"186692","186692",2016,"2016",1,"TR","PIT"
"186693","186693",2016,NA,0,"TR","PIT"
"186694","186694",2016,"2016",1,"TR","PIT"
"186695","186695",2016,"2016",1,"TR","PIT"
"186696","186696",2016,NA,0,"TR","PIT"
"186697","186697",2016,"2018",1,"TR","PIT"
"186698","186698",2016,NA,0,"TR","PIT"
"186699","186699",2016,NA,0,"TR","PIT"
"186700","186700",2016,NA,0,"TR","PIT"
"186701","186701",2016,NA,0,"TR","PIT"
"186702","186702",2016,NA,0,"TR","PIT"
"186703","186703",2016,"2016",1,"TR","PIT"
"186704","186704",2016,NA,0,"TR","PIT"
"186705","186705",2016,"2016",1,"TR","PIT"
"186706","186706",2016,"2016",1,"TR","PIT"
"186707","186707",2016,NA,0,"TR","PIT"
"186708","186708",2016,"2016",1,"TR","PIT"
"186709","186709",2016,"2016",1,"TR","PIT"
"186710","186710",2016,NA,0,"TR","PIT"
"186711","186711",2016,NA,0,"TR","PIT"
"186713","186713",2016,NA,0,"TR","PIT"
"186714","186714",2016,"2016",1,"TR","PIT"
"186715","186715",2016,"2016",1,"TR","PIT"
"186716","186716",2016,"2016",1,"TR","PIT"
"186717","186717",2016,"2016",1,"TR","PIT"
"186718","186718",2016,NA,0,"TR","PIT"
"186719","186719",2016,NA,0,"TR","PIT"
"186720","186720",2016,NA,0,"TR","PIT"
"186721","186721",2016,"2019",1,"TR","PIT"
"186722","186722",2016,NA,0,"TR","PIT"
"186723","186723",2016,NA,0,"TR","PIT"
"186724","186724",2016,NA,0,"TR","PIT"
"186725","186725",2016,NA,0,"TR","PIT"
"186726","186726",2016,NA,0,"TR","PIT"
"186727","186727",2016,"2016, 2016",2,"TR","PIT"
"186728","186728",2016,NA,0,"TR","PIT"
"186729","186729",2016,"2016",1,"TR","PIT"
"186730","186730",2016,"2016",1,"TR","PIT"
"186731","186731",2016,NA,0,"TR","PIT"
"186732","186732",2016,"2019, 2019",2,"TR","PIT"
"186733","186733",2016,"2019",1,"TR","PIT"
"186734","186734",2016,"2016",1,"TR","PIT"
"186735","186735",2016,NA,0,"TR","PIT"
"186736","186736",2016,NA,0,"TR","PIT"
"186737","186737",2016,NA,0,"TR","PIT"
"186738","186738",2016,NA,0,"TR","PIT"
"186739","186739",2016,NA,0,"TR","PIT"
"186741","186741",2016,NA,0,"TR","PIT"
"186742","186742",2016,"2016",1,"TR","PIT"
"186743","186743",2016,NA,0,"TR","PIT"
"186744","186744",2016,"2016",1,"TR","PIT"
"186745","186745",2016,"2016, 2016",2,"TR","PIT"
"186746","186746",2016,NA,0,"TR","PIT"
"186747","186747",2016,NA,0,"TR","PIT"
"186748","186748",2016,NA,0,"TR","PIT"
"186749","186749",2016,NA,0,"TR","PIT"
"186750","186750",2016,NA,0,"TR","PIT"
"186751","186751",2016,NA,0,"TR","PIT"
"186752","186752",2016,NA,0,"TR","PIT"
"186753","186753",2016,NA,0,"TR","PIT"
"186754","186754",2016,NA,0,"TR","PIT"
"186755","186755",2016,NA,0,"TR","PIT"
"186756","186756",2016,NA,0,"TR","PIT"
"186757","186757",2016,NA,0,"TR","PIT"
"186758","186758",2016,NA,0,"TR","PIT"
"186759","186759",2016,NA,0,"TR","PIT"
"186760","186760",2016,"2016",1,"TR","PIT"
"186761","186761",2016,NA,0,"TR","PIT"
"186762","186762",2016,NA,0,"TR","PIT"
"186763","186763",2016,NA,0,"TR","PIT"
"186764","186764",2016,NA,0,"TR","PIT"
"186765","186765",2016,NA,0,"TR","PIT"
"186766","186766",2016,NA,0,"TR","PIT"
"187763","187763",2016,NA,0,"RRPY","PIT"
"6C00057760","6C00057760",2016,NA,0,"P","PIT"
"6C00057847","6C00057847",2016,NA,0,"TR","PIT"
"98512003074519","98512003074519",2016,NA,0,"RRPY","PIT"
"985120030758956","985120030758956",2016,NA,0,"RRPY","PIT"
"9851200311121050","9851200311121050",2016,NA,0,"RMPY","PIT"
"985121018140717","985121018140717",2016,NA,0,"TR","PIT"
"985121018366570","985121018366570",2016,NA,0,"TR","PIT"
"9851720030773230","9851720030773230",2016,NA,0,"RRPY","PIT"
"A2322","A2322",2016,NA,0,"P","Floy"
"A2682","A2682",2016,NA,0,"P","Floy"
"A4114","A4114",2016,NA,0,"P","Floy"
"A4189","A4189",2016,NA,0,"TR","Floy"
"A4405","A4405",2016,NA,0,"P","Floy"
"A4449","A4449",2016,NA,0,"P","Floy"
"0013667B05","0013667B05",2017,NA,0,"P","PIT"
"116710","116710",2017,"2017",1,"TR","PIT"
"120030774692","120030774692",2017,NA,0,"RMPY","PIT"
"344048","344048",2017,NA,0,"TR","PIT"
"344203","344203",2017,NA,0,"TR","PIT"
"344646","344646",2017,NA,0,"TR","PIT"
"345130","345130",2017,NA,0,"TR","PIT"
"345488","345488",2017,NA,0,"TR","PIT"
"346467","346467",2017,NA,0,"TR","PIT"
"346487","346487",2017,NA,0,"TR","PIT"
"346686","346686",2017,NA,0,"TR","PIT"
"347253","347253",2017,NA,0,"TR","PIT"
"347391","347391",2017,NA,0,"TR","PIT"
"348141","348141",2017,"2017",1,"TR","PIT"
"349160","349160",2017,NA,0,"TR","PIT"
"349246","349246",2017,NA,0,"TR","PIT"
"349293","349293",2017,NA,0,"TR","PIT"
"349512","349512",2017,NA,0,"TR","PIT"
"350959","350959",2017,NA,0,"TR","PIT"
"351135","351135",2017,"2017",1,"TR","PIT"
"351780","351780",2017,NA,0,"TR","PIT"
"352320","352320",2017,NA,0,"TR","PIT"
"352328","352328",2017,NA,0,"TR","PIT"
"352757","352757",2017,NA,0,"TR","PIT"
"353355","353355",2017,"2017",1,"TR","PIT"
"361071","361071",2017,"2017",1,"TR","PIT"
"361527","361527",2017,NA,0,"TR","PIT"
"361697","361697",2017,NA,0,"TR","PIT"
"361938","361938",2017,NA,0,"TR","PIT"
"362017","362017",2017,NA,0,"TR","PIT"
"447833","447833",2017,NA,0,"TR","PIT"
"463298","463298",2017,NA,0,"TR","PIT"
"463808","463808",2017,NA,0,"TR","PIT"
"464224","464224",2017,NA,0,"TR","PIT"
"464817","464817",2017,NA,0,"TR","PIT"
"464823","464823",2017,"2017, 2017",2,"TR","PIT"
"464834","464834",2017,"2017",1,"TR","PIT"
"465196","465196",2017,NA,0,"TR","PIT"
"465501","465501",2017,"2017",1,"TR","PIT"
"466563","466563",2017,NA,0,"TR","PIT"
"466758","466758",2017,NA,0,"TR","PIT"
"467142","467142",2017,"2017",1,"RRPY","PIT"
"467320","467320",2017,NA,0,"TR","PIT"
"467422","467422",2017,NA,0,"RM","PIT"
"467442","467442",2017,NA,0,"TR","PIT"
"467829","467829",2017,NA,0,"RRPY","PIT"
"467970","467970",2017,NA,0,"TR","PIT"
"468081","468081",2017,NA,0,"TR","PIT"
"468657","468657",2017,NA,0,"TR","PIT"
"470168","470168",2017,NA,0,"TR","PIT"
"470771","470771",2017,"2017, 2019",2,"TR","PIT"
"471191","471191",2017,NA,0,"TR","PIT"
"471857","471857",2017,NA,0,"TR","PIT"
"472094","472094",2017,NA,0,"TR","PIT"
"472112","472112",2017,"2019",1,"TR","PIT"
"472260","472260",2017,"2017",1,"TR","PIT"
"472737","472737",2017,NA,0,"TR","PIT"
"473220","473220",2017,NA,0,"TR","PIT"
"473798","473798",2017,"2017",1,"TR","PIT"
"473902","473902",2017,NA,0,"TR","PIT"
"474347","474347",2017,NA,0,"TR","PIT"
"474449","474449",2017,NA,0,"TR","PIT"
"474727","474727",2017,"2017",1,"TR","PIT"
"474791","474791",2017,NA,0,"TR","PIT"
"475094","475094",2017,"2018",1,"TR","PIT"
"475152","475152",2017,NA,0,"TR","PIT"
"475343","475343",2017,NA,0,"TR","PIT"
"475472","475472",2017,"2017",1,"TR","PIT"
"475474","475474",2017,NA,0,"TR","PIT"
"475704","475704",2017,NA,0,"TR","PIT"
"475858","475858",2017,"2017",1,"TR","PIT"
"476230","476230",2017,NA,0,"TR","PIT"
"476252","476252",2017,NA,0,"TR","PIT"
"476896","476896",2017,NA,0,"TR","PIT"
"478258","478258",2017,NA,0,"TR","PIT"
"478274","478274",2017,NA,0,"TR","PIT"
"478552","478552",2017,NA,0,"TR","PIT"
"479108","479108",2017,"2017",1,"TR","PIT"
"479155","479155",2017,NA,0,"TR","PIT"
"479913","479913",2017,NA,0,"TR","PIT"
"481030","481030",2017,"2017",1,"TR","PIT"
"481096","481096",2017,NA,0,"TR","PIT"
"6C00057826/475125","6C00057826/475125",2017,NA,0,"TR","PIT"
"6C00057831","6C00057831",2017,NA,0,"P","PIT"
"6C00057854","6C00057854",2017,NA,0,"P","PIT"
"6C00057856","6C00057856",2017,NA,0,"P","PIT"
"6C0057837","6C0057837",2017,NA,0,"P","PIT"
"756307","756307",2017,NA,0,"RMPY","PIT"
"98106350119","98106350119",2017,NA,0,"TR","PIT"
"981098106467541","981098106467541",2017,NA,0,"TR","PIT"
"985121018362429","985121018362429",2017,NA,0,"P","PIT"
"A0760","A0760",2017,NA,0,"RMPY","Floy"
"A2059","A2059",2017,NA,0,"P","Floy"
"A2931","A2931",2017,NA,0,"P","Floy"
"A4125","A4125",2017,NA,0,"P","Floy"
"A42418","A42418",2017,NA,0,"P","Floy"
"A42679","A42679",2017,NA,0,"P","Floy"
"B0128","B0128",2017,NA,0,"RRPY","Floy"
"L1091","L1091",2017,NA,0,"P","Floy"
"16047","16047",2018,NA,0,"RRPY","PIT"
"186139","186139",2018,NA,0,"RMPY","PIT"
"186154","186154",2018,NA,0,"RM","PIT"
"186740","186740",2018,NA,0,"TR","PIT"
"186767","186767",2018,NA,0,"TR","PIT"
"186768","186768",2018,"2018, 2018, 2018, 2018",4,"TR","PIT"
"186769","186769",2018,NA,0,"TR","PIT"
"186770","186770",2018,"2018",1,"TR","PIT"
"186771","186771",2018,NA,0,"TR","PIT"
"186772","186772",2018,NA,0,"TR","PIT"
"186773","186773",2018,NA,0,"TR","PIT"
"186774","186774",2018,"2018",1,"TR","PIT"
"186775","186775",2018,"2018",1,"TR","PIT"
"186776","186776",2018,NA,0,"TR","PIT"
"186777","186777",2018,NA,0,"TR","PIT"
"186778","186778",2018,NA,0,"P","PIT"
"186779","186779",2018,NA,0,"TR","PIT"
"186780","186780",2018,NA,0,"TR","PIT"
"186781","186781",2018,NA,0,"TR","PIT"
"186782","186782",2018,NA,0,"TR","PIT"
"186783","186783",2018,NA,0,"TR","PIT"
"186784","186784",2018,NA,0,"TR","PIT"
"186785","186785",2018,NA,0,"TR","PIT"
"186786","186786",2018,NA,0,"TR","PIT"
"186787","186787",2018,NA,0,"TR","PIT"
"186788","186788",2018,NA,0,"TR","PIT"
"186789","186789",2018,NA,0,"TR","PIT"
"186790","186790",2018,NA,0,"TR","PIT"
"186791","186791",2018,NA,0,"TR","PIT"
"186792","186792",2018,NA,0,"TR","PIT"
"186793","186793",2018,"2018",1,"TR","PIT"
"186794","186794",2018,"2018",1,"TR","PIT"
"186795","186795",2018,"2018",1,"TR","PIT"
"186796","186796",2018,"2018",1,"TR","PIT"
"186797","186797",2018,NA,0,"TR","PIT"
"186798","186798",2018,NA,0,"TR","PIT"
"186799","186799",2018,NA,0,"TR","PIT"
"187546","187546",2018,NA,0,"RMPY","PIT"
"346340","346340",2018,NA,0,"TR","PIT"
"347495","347495",2018,NA,0,"TR","PIT"
"349150","349150",2018,NA,0,"TR","PIT"
"351599","351599",2018,"2018",1,"TR","PIT"
"359358","359358",2018,"2018",1,"TR","PIT"
"365884","365884",2018,NA,0,"TR","PIT"
"377470","377470",2018,NA,0,"TR","PIT"
"409373","409373",2018,NA,0,"P","PIT"
"456a6c2d75","456a6c2d75",2018,NA,0,"P","PIT"
"463710","463710",2018,NA,0,"TR","PIT"
"464312","464312",2018,NA,0,"TR","PIT"
"465173","465173",2018,NA,0,"TR","PIT"
"465574","465574",2018,NA,0,"TR","PIT"
"465663","465663",2018,NA,0,"TR","PIT"
"466092","466092",2018,NA,0,"TR","PIT"
"466226","466226",2018,"2018",1,"TR","PIT"
"467603","467603",2018,NA,0,"TR","PIT"
"469254","469254",2018,NA,0,"TR","PIT"
"470934","470934",2018,NA,0,"TR","PIT"
"473269","473269",2018,NA,0,"TR","PIT"
"473293","473293",2018,NA,0,"RRPY","PIT"
"474077","474077",2018,NA,0,"TR","PIT"
"474313","474313",2018,NA,0,"TR","PIT"
"474492","474492",2018,"2018",1,"TR","PIT"
"475495","475495",2018,NA,0,"TR","PIT"
"477803","477803",2018,NA,0,"TR","PIT"
"480172","480172",2018,"2018",1,"TR","PIT"
"481393","481393",2018,NA,0,"TR","PIT"
"481646","481646",2018,NA,0,"TR","PIT"
"482284","482284",2018,NA,0,"TR","PIT"
"67263","67263",2018,NA,0,"RM","PIT"
"6c00067847","6c00067847",2018,NA,0,"TR","PIT"
"806086","806086",2018,NA,0,"P","PIT"
"966043","966043",2018,NA,0,"TR","PIT"
"9851_378469","9851_378469",2018,NA,0,"P","PIT"
"985121000000000","985121000000000",2018,NA,0,"P","PIT"
"A4130","A4130",2018,NA,0,"TR","Floy"
"A42678","A42678",2018,NA,0,"P","Floy"
"A42680","A42680",2018,NA,0,"H","Floy"
"L5032","L5032",2018,NA,0,"P","Floy"
"186567","186567",2019,NA,0,"RMPY","PIT"
"266451","266451",2019,NA,0,"TR","PIT"
"266452","266452",2019,"2019",1,"TR","PIT"
"266453","266453",2019,NA,0,"TR","PIT"
"266454","266454",2019,NA,0,"TR","PIT"
"266455","266455",2019,NA,0,"TR","PIT"
"266458","266458",2019,NA,0,"TR","PIT"
"266459","266459",2019,"2019",1,"TR","PIT"
"266460","266460",2019,NA,0,"TR","PIT"
"266462","266462",2019,"2019",1,"TR","PIT"
"266463","266463",2019,NA,0,"TR","PIT"
"266464","266464",2019,"2019",1,"TR","PIT"
"266465","266465",2019,"2019",1,"TR","PIT"
"266466","266466",2019,NA,0,"TR","PIT"
"266467","266467",2019,NA,0,"TR","PIT"
"266468","266468",2019,"2019",1,"TR","PIT"
"266469","266469",2019,NA,0,"TR","PIT"
"266470","266470",2019,NA,0,"TR","PIT"
"266471","266471",2019,NA,0,"TR","PIT"
"266472","266472",2019,"2019",1,"TR","PIT"
"266473","266473",2019,NA,0,"TR","PIT"
"266474","266474",2019,"2019, 2019",2,"TR","PIT"
"266475","266475",2019,NA,0,"TR","PIT"
"266476","266476",2019,NA,0,"TR","PIT"
"266477","266477",2019,NA,0,"TR","PIT"
"266478","266478",2019,"2019, 2019, 2019, 2019",4,"TR","PIT"
"266479","266479",2019,NA,0,"TR","PIT"
"266480","266480",2019,NA,0,"TR","PIT"
"266481","266481",2019,"2019, 2020",2,"TR","PIT"
"266482","266482",2019,NA,0,"TR","PIT"
"266483","266483",2019,NA,0,"TR","PIT"
"266484","266484",2019,NA,0,"TR","PIT"
"266486","266486",2019,NA,0,"TR","PIT"
"266487","266487",2019,NA,0,"TR","PIT"
"266488","266488",2019,NA,0,"RRPY","PIT"
"266489","266489",2019,NA,0,"TR","PIT"
"266490","266490",2019,NA,0,"TR","PIT"
"266491","266491",2019,NA,0,"TR","PIT"
"266492","266492",2019,NA,0,"TR","PIT"
"266493","266493",2019,NA,0,"TR","PIT"
"266494","266494",2019,NA,0,"TR","PIT"
"266496","266496",2019,NA,0,"TR","PIT"
"266497","266497",2019,NA,0,"TR","PIT"
"266498","266498",2019,NA,0,"TR","PIT"
"266499","266499",2019,"2019",1,"TR","PIT"
"266500","266500",2019,NA,0,"TR","PIT"
"266501","266501",2019,NA,0,"TR","PIT"
"266502","266502",2019,NA,0,"TR","PIT"
"266503","266503",2019,NA,0,"TR","PIT"
"266504","266504",2019,NA,0,"TR","PIT"
"266505","266505",2019,NA,0,"TR","PIT"
"266506","266506",2019,NA,0,"TR","PIT"
"266507","266507",2019,"2019",1,"TR","PIT"
"266508","266508",2019,NA,0,"TR","PIT"
"266510","266510",2019,NA,0,"TR","PIT"
"266511","266511",2019,NA,0,"TR","PIT"
"266512","266512",2019,NA,0,"TR","PIT"
"266513","266513",2019,NA,0,"TR","PIT"
"266514","266514",2019,"2019",1,"TR","PIT"
"266515","266515",2019,NA,0,"TR","PIT"
"266516","266516",2019,NA,0,"TR","PIT"
"266517","266517",2019,NA,0,"TR","PIT"
"266518","266518",2019,NA,0,"TR","PIT"
"266519","266519",2019,NA,0,"TR","PIT"
"266520","266520",2019,NA,0,"TR","PIT"
"266521","266521",2019,NA,0,"TR","PIT"
"266522","266522",2019,NA,0,"TR","PIT"
"266523","266523",2019,NA,0,"TR","PIT"
"266524","266524",2019,NA,0,"TR","PIT"
"266525","266525",2019,NA,0,"TR","PIT"
"266526","266526",2019,NA,0,"TR","PIT"
"266527","266527",2019,NA,0,"TR","PIT"
"266528","266528",2019,NA,0,"TR","PIT"
"266529","266529",2019,NA,0,"TR","PIT"
"266531","266531",2019,NA,0,"TR","PIT"
"266540","266540",2019,NA,0,"TR","PIT"
"376935","376935",2019,NA,0,"P","PIT"
"381739","381739",2019,NA,0,"RMPY","PIT"
"6474347","6474347",2019,NA,0,"RMPY","PIT"
"6C00057763","6C00057763",2019,NA,0,"P","PIT"
"6C00057765","6C00057765",2019,NA,0,"P","PIT"
"6C00057828","6C00057828",2019,NA,0,"P","PIT"
"755719","755719",2019,NA,0,"RMPY","PIT"
"757898","757898",2019,NA,0,"RRPY","PIT"
"758865","758865",2019,NA,0,"RMPY","PIT"
"98512101382902","98512101382902",2019,NA,0,"TR","PIT"
"985121018380576","985121018380576",2019,NA,0,"P","PIT"
"A2211","A2211",2019,NA,0,"P","Floy"
"A2449","A2449",2019,NA,0,"P","Floy"
"A2648","A2648",2019,NA,0,"P","Floy"
"A2916","A2916",2019,NA,0,"P","Floy"
"A3027","A3027",2019,NA,0,"TR","Floy"
"?","?",2020,NA,0,"RMPY","PIT"
"266532","266532",2020,NA,0,"TR","PIT"
"266541","266541",2020,NA,0,"TR","PIT"
"266542","266542",2020,NA,0,"TR","PIT"
"266646","266646",2020,NA,0,"TR","PIT"
"266647","266647",2020,NA,0,"TR","PIT"
"266648","266648",2020,"2020",1,"TR","PIT"
"266649","266649",2020,"2020",1,"RRPY","PIT"
"266650","266650",2020,NA,0,"TR","PIT"
"266651","266651",2020,NA,0,"TR","PIT"
"266652","266652",2020,"2020",1,"TR","PIT"
"266653","266653",2020,NA,0,"TR","PIT"
"266654","266654",2020,NA,0,"TR","PIT"
"266655","266655",2020,"2020",1,"TR","PIT"
"266656","266656",2020,NA,0,"TR","PIT"
"266657","266657",2020,NA,0,"TR","PIT"
"266658","266658",2020,NA,0,"TR","PIT"
"266659","266659",2020,"2020",1,"TR","PIT"
"266660","266660",2020,NA,0,"TR","PIT"
"266661","266661",2020,NA,0,"TR","PIT"
"266662","266662",2020,NA,0,"TR","PIT"
"266663","266663",2020,NA,0,"TR","PIT"
"266664","266664",2020,NA,0,"TR","PIT"
"266665","266665",2020,NA,0,"TR","PIT"
"266666","266666",2020,NA,0,"TR","PIT"
"266668","266668",2020,NA,0,"TR","PIT"
"266669","266669",2020,NA,0,"TR","PIT"
"266670","266670",2020,"2020, 2020",2,"TR","PIT"
"266671","266671",2020,NA,0,"TR","PIT"
"266672","266672",2020,NA,0,"TR","PIT"
"266673","266673",2020,NA,0,"TR","PIT"
"266674","266674",2020,NA,0,"TR","PIT"
"266675","266675",2020,NA,0,"TR","PIT"
"266676","266676",2020,NA,0,"TR","PIT"
"266677","266677",2020,NA,0,"TR","PIT"
"266678","266678",2020,NA,0,"TR","PIT"
"266679","266679",2020,NA,0,"TR","PIT"
"266680","266680",2020,NA,0,"TR","PIT"
"266682","266682",2020,NA,0,"TR","PIT"
"266683","266683",2020,NA,0,"TR","PIT"
"266684","266684",2020,NA,0,"TR","PIT"
"266685","266685",2020,NA,0,"TR","PIT"
"266686","266686",2020,NA,0,"TR","PIT"
"266687","266687",2020,NA,0,"TR","PIT"
"266688","266688",2020,NA,0,"TR","PIT"
"266689","266689",2020,NA,0,"TR","PIT"
"266690","266690",2020,NA,0,"TR","PIT"
"341660","341660",2020,NA,0,"dead","PIT"
"344481","344481",2020,NA,0,"TR","PIT"
"345137","345137",2020,NA,0,"TR","PIT"
"352507","352507",2020,NA,0,"TR","PIT"
"362301","362301",2020,NA,0,"TR","PIT"
"366599","366599",2020,"2020",1,"TR","PIT"
"465454","465454",2020,NA,0,"TR","PIT"
"465683","465683",2020,NA,0,"TR","PIT"
"465873","465873",2020,NA,0,"TR","PIT"
"467359","467359",2020,NA,0,"TR","PIT"
"467486","467486",2020,"2020",1,"TR","PIT"
"468875","468875",2020,NA,0,"TR","PIT"
"470009","470009",2020,NA,0,"TR","PIT"
"472058","472058",2020,NA,0,"TR","PIT"
"473438","473438",2020,NA,0,"TR","PIT"
"474442","474442",2020,"2020",1,"TR","PIT"
"474926","474926",2020,NA,0,"TR","PIT"
"475667","475667",2020,NA,0,"TR","PIT"
"476664","476664",2020,NA,0,"TR","PIT"
"476753","476753",2020,NA,0,"TR","PIT"
"477130","477130",2020,NA,0,"TR","PIT"
"477676","477676",2020,NA,0,"TR","PIT"
"479583","479583",2020,"2020",1,"TR","PIT"
"481050","481050",2020,NA,0,"TR","PIT"
"482560","482560",2020,NA,0,"TR","PIT"
"756066","756066",2020,NA,0,"RMPY","PIT"
"98100465196","98100465196",2020,NA,0,"RRPY","PIT"
"98106474077","98106474077",2020,NA,0,"RMPY","PIT"
"981098106352320","981098106352320",2020,NA,0,"RMPY","PIT"
"985121013878049","985121013878049",2020,NA,0,"P","PIT"
